SOUThWEsTeRn,4136
GaIThErSBURg,3728
GaIThErSbURg,3472
HYPoThAlAmUS,3440
BUReAuCrAtIC,3352
PErTiNAcIOUS,3330
HYPOThAlAmUS,3321
PrEsErVAtION,3216
PaThOGeNEsIS,3168
CAcOPHoNoUS,3160
PReSErVAtION,3150
HoUSeWIVEs,3094
HOUSeWIVEs,3072
VAcAtIONLaNd,3056
HYPoThAlAmIC,3048
PaReNThEsIS,3017
PAtHoGeNEsIS,2992
NoVOsIBIrSK,2968
CONSErVAtISm,2952
INHoMoGeNeOUS,2943
HAtTiEsBURg,2905
AmPHIBiOUS,2904
HYPOThAlAmIC,2880
ClOThEsBrUSH,2864
CHoLiNEsTeRaSe,2848
AcCUSAtION,2848
PAtHOGeNEsIS,2844
BUReAuCrAcY,2821
CeReMoNIOUS,2808
OsTeNTaTiOUS,2768
SCAtTeRbRaIN,2752
CoNSErVAtISm,2728
ThUNdErCLaP,2716
INAcCURaTe,2709
FUNdRaISEr,2702
CoNCEsSiONaIRe,2700
ReSPIrAtION,2688
CHOLiNEsTeRaSe,2682
ReSErVAtION,2680
HYPoThEsIS,2674
ReSUScITaTe,2674
FeAtHErBRaIN,2664
GaTlINBURg,2660
WINDsURf,2640
OsTeOPaThIC,2632
PErTiNaCIOUS,2619
CaCOPHoNoUS,2608
SUPErLuNArY,2608
VICKSBURg,2600
PURgAtION,2597
SCAtTeRgUN,2583
InHArMoNIOUS,2574
HYPOThEsIS,2568
EuPHoNIOUS,2568
NOVOsIBIrSK,2556
WAtErHOUSe,2534
InHoMoGeNeOUS,2528
RaPAcIOUS,2527
HIPPoCrAtEs,2527
PoWErHOUSe,2527
WAtErHoUSe,2520
HIPPoCRaTeS,2520
PoWErHoUSe,2514
POWErHoUSe,2506
NoNdEsCrIPt,2496
LiThOsPHErIC,2496
InTeRnEsCINe,2485
WRaPArOUNd,2485
VICKSbURg,2485
FrEsHWAtEr,2484
SUPPrEsSiON,2480
InSPIrAtION,2480
AcClAmAtION,2478
RaPaCIOUS,2478
PUBLiCAtION,2466
InCaPAcITaTe,2457
INArTiCULaTe,2456
GaTlINbURg,2454
SUPRaNaTiONAl,2448
VErAcIOUS,2443
INdUCTaNCe,2443
CoNCeSSiONaIRe,2421
BrUNSWICK,2416
MoUNTaINeEr,2415
InCaPaCITaTe,2408
ScAtTeRbRaIN,2401
SWITcHBAcK,2400
WINdSURf,2394
WEsTbOUNd,2388
INHArMoNiOUS,2385
PArSiMoNIOUS,2385
ReClAmAtION,2380
FLuOReSCeIN,2376
CaCoPHoNoUS,2373
OsTeOPAtHIC,2368
FIReCrAcKEr,2359
LiThOSPHErIC,2340
PrOsPErOUS,2338
PErSUAsION,2336
PReCoCIOUS,2336
CHAmBErLaIN,2336
SCAtTeRbRaIn,2331
ReFrIGeRaTe,2322
NONdEsCrIPt,2303
BRaNdYWINe,2303
SUThErLaNd,2298
PReTeNTiOUS,2296
FReSHWAtEr,2296
PrEsCrIPTiON,2296
CReTaCeOUS,2296
STeReOsCOPY,2296
AtMoSPHErIC,2288
PErNiCIOUS,2288
HAlLuCINoGeN,2280
ReSPIRaTiON,2272
CoPErNICUS,2272
PSYCHoPaTh,2268
INCAuTiOUS,2264
PReCArIOUS,2264
CoNdUCTaNCe,2261
InAcCURaTe,2256
FeAtHErBRaIn,2254
RaINWAtEr,2250
CaCoPHONoUS,2248
ClOThEsBRuSH,2240
CoNIFErOUS,2240
CeReMoNiOUS,2233
HAmBURgEr,2232
SOUThPaW,2226
AmNiOCeNTeSiS,2224
ThErMoPHILiC,2224
PInCUSHION,2223
TeNAcIOUS,2219
RePrEsSION,2219
GaTlInBURg,2214
ScAtTeRgUN,2208
CHoLiNeSTeRaSe,2208
CaPAcITaNCe,2205
FITcHBURg,2198
BaNKrUPtCY,2198
WAtErCrEsS,2196
WIThSTaNd,2196
FIRePoWEr,2178
INAcCuRaCY,2177
INoCULaTe,2172
NeCEsSITaTe,2163
InHErITaNCe,2163
HYPoTeNUSe,2163
BUReAuCrAt,2160
CaPaCITaNCe,2156
PErIPaTeTiC,2149
INNoCuOUS,2149
EuCAlYPtUS,2149
PuRgAtION,2148
WInDsURf,2145
SWITcHBaCK,2144
PErFUSION,2144
CHAtTaNoOGa,2142
BUCKThORn,2142
PRePaRaTiON,2142
OsTeOPaThY,2136
PSYCHOPaTh,2128
BRaNDyWINe,2121
PYThAgORaS,2121
PaRaNoIAc,2115
FIRePOWEr,2114
PaWNBrOKEr,2114
HINdUSTaN,2114
NoVOSiBIrSK,2112
PrOsCrIPTiON,2112
RhINoCErOs,2100
STeReOsCoPY,2100
PrOCRaSTiNaTe,2096
CAmOUFLaGe,2093
PuBLiCAtION,2088
RhINoCErOS,2086
FeAtHeRbRaIN,2086
HoUSeWIFe,2076
InArTiCULaTe,2072
SHIPWReCK,2072
InSPIRaTiON,2064
SUPPoSiTiON,2064
BrUSHfIRe,2058
CONSPIrAcY,2056
NeThErLaNDs,2052
SAtURnINe,2052
CaPAcIOUS,2051
RePUTaTiON,2044
VAlPaRaISO,2044
CHITiNoUS,2044
BLaCKSmITh,2044
BAcKWAtEr,2040
AmBITiOUS,2037
COsMoPoLiTaN,2037
InHArMoNiOUS,2032
FAlLaCIOUS,2032
SCrIPtURe,2028
EuPHoNiOUS,2023
STePReLaTiON,2016
PaRaNOIAc,2016
CaCoPHoNOUS,2016
PErSeCUTiON,2016
BaNKrUPTcY,2016
HOUSeWIFe,2016
PaThOGeNIC,2009
INVEsTiGaTe,2009
PErCePtION,2009
AcCuSAtION,2009
CoNSPIRaCY,2008
WHeReUPoN,2004
CaPaCIOUS,2002
ReFUTaTiON,2002
FLuOReSCeIn,2002
ScAtTeRbRaIn,1992
PuNCTiLiOUS,1984
HYPOTeNUSe,1984
BUCKWHeAt,1981
PaRaCHUTe,1980
FIReHoUSe,1980
INCArCeRaTe,1974
PReVIOUS,1974
PoNdErOUS,1968
CHAmBErLaIn,1967
BrUSHFIRe,1967
OThErWISe,1962
CHOLiNeSTeRaSe,1962
WHIPPaNY,1960
INFAmOUS,1960
NeCTaReOUS,1960
PrONoUNCe,1956
AcCEsSION,1946
PErCePtUAl,1944
BrICKLaYEr,1939
PaINTbRuSH,1939
GeSTiCULaTe,1939
SOUThLaNd,1938
OsTeOPAtHY,1932
VAcUOLaTe,1926
CaVErNoUS,1926
GeLaTiNoUS,1926
INOCULaTe,1925
CEsSAtION,1918
HORnMoUTh,1914
COSMoPoLiTaN,1912
CHAuVInISm,1911
ReCIPrOCaTe,1911
WHeReUPON,1911
INAcCuRaTe,1908
CLuBhOUSe,1908
FIReHOUSe,1904
UNIVErSAl,1904
InCAuTiOUS,1904
SWAmPLaNd,1902
IONoSPHeRe,1897
AmBiTiOUS,1896
PNeUMoCoCCuS,1896
HArMoNIOUS,1896
CaTaClYSmIC,1890
SWArThMoRe,1890
CoNSPIrAcY,1890
HoRnMoUTh,1885
FrAcTiOUS,1884
CReTiNoUS,1878
HoMoGeNeOUS,1869
InFEsTaTiON,1869
PArSiMoNiOUS,1864
ReVErBeRaTe,1860
InSURaNCe,1860
PReCIOUS,1855
PAtHoGeNIC,1855
BaCKWAtEr,1848
CoSmOPoLiTaN,1848
ICoNoCLaSm,1842
AtTeSTaTiON,1841
RhINOCErOs,1841
COsMoPOLiTaN,1840
INFeCTiOUS,1840
ErUPtION,1836
PArTiCULaTe,1834
CONCePtUAl,1834
PaThOGeNeSiS,1827
RePArAtION,1827
BRaINWAsH,1827
INSeCTiVORe,1824
ReTiCULaTe,1824
PLaYHoUSe,1824
RaInWAtEr,1820
HoReHOUNd,1818
HOReHoUNd,1818
CaPAcITaTe,1812
BIrThPLaCe,1812
PErCUSSiON,1808
NeThErLaNdS,1806
WINEsKIn,1806
WInEsKIN,1806
ReAcTiONArY,1806
InAcCuRaCY,1800
EsCUTcHeON,1799
PArTiCIPaTe,1799
InGeNIOUS,1799
RaSmUSSeN,1794
IrReSOLuTe,1794
BRuNSWICK,1792
RaBBiNICAl,1785
KAtOWICe,1782
WHErEuPoN,1782
FrIEsLaNd,1780
InNoCuOUS,1776
STePmOThEr,1770
CaPaCITaTe,1770
CHAuVINiSm,1764
PSYCHOsEs,1764
AsSURaNCe,1764
CoSMoPoLiTaN,1764
CoPErNiCUS,1764
SYNoPtIC,1764
BaYReUTh,1760
WISeCrAcK,1758
GeOPHYSICs,1752
PErSIFLaGe,1750
WAsHBURn,1746
BOAtHoUSe,1746
SYNeRgISm,1746
HoUSeBOAt,1746
HEsPErUS,1746
RePaRaTiON,1746
SURgICAl,1746
BaNKRuPtCY,1743
CoNiFErOUS,1736
PoNTiFICaTe,1729
InTeRfErON,1728
WHITaKEr,1728
PLaYHOUSe,1722
PaPErBAcK,1722
SHoWPLaCe,1722
FeAtHeRbRaIn,1722
PErSONIFY,1720
SAmURaI,1720
AmNEsIAc,1715
PrEsSURe,1705
HArDbOUNd,1704
BiSHoPrIC,1704
STePMoThEr,1698
AtTaINdEr,1695
InClUSION,1694
WHITlOCK,1694
LuCReTiUS,1692
WAtCHBaNd,1692
FORgAtHEr,1692
FRaCTiOUS,1687
COPrINUS,1687
FrOSTbITe,1686
NUThAtCH,1686
PUSHoVEr,1686
SOUThErN,1686
PrOsErPINe,1686
RaTiOCINaTe,1680
WAsHBaSIN,1680
PaKISTaNi,1680
ReCePtION,1674
HYAcINTh,1674
FAcILiTaTe,1674
RePuTaTiON,1674
FAsCICuLaTe,1673
CHIPmUNK,1673
PAtHoGeNeSiS,1673
InFLaTiONArY,1672
ReNoUNCe,1670
BAcKSPaCe,1668
INArTiCuLaTe,1666
CONSULaTe,1666
TeNaCIOUS,1666
FrOsTbITe,1665
SAtURaTe,1665
InCeNdIArY,1662
CrOsSWISe,1662
UNIVErSe,1662
INSULaTe,1662
SWITcHGeAr,1659
BErKSHIRe,1659
PAtHOGeNIC,1656
PaRaSITiC,1656
CAmErOUN,1656
ReINSTaTe,1656
InVEsTiGaTe,1656
WHErEuPON,1652
INGeNiOUS,1652
IONOsPHeRe,1652
BUCKHoRn,1650
SYRaCUSe,1650
CoNCePtUAl,1650
CLuBHoUSe,1650
GeOPHYSICAl,1647
BeWHISKEr,1645
InVITaTiON,1645
PaIrWISe,1645
POsSEsSiON,1645
SNoWBaNK,1644
LaNdOWNEr,1644
NeWSPaPEr,1644
ThEsAuRuS,1640
CHITiNOUS,1640
PNEuMoCoCCuS,1640
CHAmPLaIN,1638
InFUSION,1638
CaVErNOUS,1638
GeLaTiNOUS,1638
AcCURaTe,1635
AmPUTaTe,1635
HErBIVORe,1631
STaTiONErY,1631
SURgErY,1630
InCArCeRaTe,1626
WISeAcRe,1625
LaNCAsHIRe,1624
PaWNSHoP,1620
BIVOUAc,1620
SAlUTaTiON,1617
CAcOPHoNY,1617
COPErNICuS,1616
HoNdURaS,1615
BURgEsS,1615
InFAmOUS,1614
FrUITiON,1614
FrAcTiONaTe,1614
CHInAtOWN,1610
CAlCaReOUS,1610
CErTiFICaTe,1610
AuSPICEs,1608
LaNCaSHIRe,1603
PrOVErBIAl,1603
SHOWPLaCe,1603
PrOSErPINe,1603
HYPoCrITiC,1603
IrRuPtION,1602
ReSErVOIr,1602
FIRePLaCe,1602
PErSeCUTe,1602
PArAcHUTe,1602
CaPtIOUS,1602
HINdRaNCe,1602
INSeCURe,1602
WIScONSIn,1596
INCUBaTe,1596
SHoPWORn,1596
PaInTbRuSH,1596
SINGaPoRe,1596
BRuSHfIRe,1590
HONdURaS,1590
WHICHeVEr,1589
SeClUSION,1589
MoThErLaNd,1585
OsTeOPaTh,1585
SeBaCeOUS,1584
InOCULaTe,1584
CReTiNOUS,1582
BiSHOPrIC,1582
STaGeCOAcH,1575
VErMoUTh,1575
InTeNSIFY,1575
COAgULaTe,1572
InVErNEsS,1572
RePrEsSiON,1572
CoNScIOUS,1568
InVErSION,1568
LiThOsPHeRe,1566
STeAmBOAt,1566
BYSTaNdEr,1566
LuScIOUS,1566
BaNKRuPTcY,1561
InHIBiTiON,1561
PUSHOVEr,1561
SeCEsSION,1561
PrOBOsCIS,1561
RuBICUNd,1560
CrOUPIEr,1560
BIrThRaTe,1560
ThErEuPoN,1560
FeRgUSON,1560
CoWPUNCH,1554
CaRnAtION,1554
PYRaCaNTh,1554
PaKISTaN,1554
InSCrIPTiON,1552
WAtErGaTe,1550
VOICeBaNd,1548
InSINCeRe,1548
INSInCeRe,1548
InCINeRaTe,1548
HErBiVORe,1548
ReNSSeLaEr,1542
FURnISH,1542
SUNdOWN,1542
ICoNOCLaSm,1540
RuINoUS,1535
InAcCuRaTe,1535
InFeCTiOUS,1533
SYNCOPaTe,1533
BaNDsTaNd,1530
PoPULaCe,1530
PaThOGeNiC,1530
PaPErBaCK,1530
SHoWBOAt,1530
NUTcRaCK,1530
CoSMoPOLiTaN,1528
SPHAlErITe,1526
PrOVErBiAl,1524
CLaNdEsTiNe,1524
ReCONdITe,1524
STiPULaTe,1524
WAtKINS,1524
CoPrINUS,1524
NeCEsSiTaTe,1524
HAmBURg,1520
EsPoUSAl,1520
InSeCTiVORe,1519
CaNCErOUS,1519
RePUBLiCaN,1519
BUCKHORn,1519
CLuBHOUSe,1519
CAmPFIRe,1518
HYPoCrITe,1518
InCePtION,1518
PErCeNTaGe,1518
BURnISH,1518
PrOBOsCEs,1518
NeWFOUNd,1518
RhInOCErOs,1512
InHAlAtION,1512
CaMoUFLaGe,1512
PULaSKI,1512
BaNdWAgON,1512
UNICORn,1512
BISmUTh,1510
PrOSeCUTe,1506
BeAuTeOUS,1506
ThErEuPON,1506
CoNSULaTe,1506
CoPErNICuS,1505
PaRaSITe,1500
PoPULaTe,1500
BRaInWAsH,1500
FIBeRgLaS,1500
CONVAlEsCe,1498
OPHIUCuS,1498
HAlLuCInOGeN,1496
PrOFITeEr,1494
PArAmAgNeTiC,1491
CaPTaINCY,1491
PErFUSiON,1491
PONTiFICaTe,1488
CeReMoNIAl,1488
BUTcHErY,1488
HeReUNdEr,1485
CRaYFISH,1484
PaWNSHOP,1484
ArTiCULaTe,1482
RaINCOAt,1482
ICHNeUMoN,1477
ClOCKWISe,1477
PrOVInCIAl,1477
BaCKSPaCe,1476
RuInAtION,1476
UPrIVEr,1475
BiVOUAc,1475
MoNoCErOs,1470
UPWINd,1470
HeReWITh,1470
BiHArMoNIC,1470
InCLuSION,1470
WINdUP,1470
LaYPErSON,1470
INoCuLaTe,1465
FErReIRa,1465
BeReNICEs,1464
STePWISe,1464
YPSILaNTi,1463
KOBaYAsHI,1463
PrOCrAsTiNaTe,1463
LiThOSPHeRe,1463
ThReONINe,1458
STeINBeRg,1458
EsPOUSAl,1458
HoThOUSe,1455
MoNoCErOS,1452
InVIOLaTe,1452
CArRuThErS,1452
HYPNOsIS,1449
PErVAsION,1449
HAlLuCINaTe,1449
SYNOPtIC,1449
PAtHOGeNeSiS,1448
ArCHBISHoP,1448
MoNoNGaHeLa,1446
ArCHBiSHoP,1442
LiCeNTiOUS,1442
FRaNCISCo,1442
CaUTiONArY,1442
NeFArIOUS,1442
UNiVErSAl,1440
PrINCEsS,1440
AsCErTaIN,1440
SYNdICaTe,1440
InSOMnIAc,1440
PErFORaTe,1440
BICAmErAl,1440
HArMoNiOUS,1435
FRaNCOISe,1435
SAlVAtION,1435
SINGaPORe,1435
TeSTiMoNIAl,1435
INaCCuRaTe,1434
SYCAmORe,1434
AmMoNIAc,1430
WHIThEr,1430
WINDbAg,1430
FOUNTaIn,1428
STaGeCoAcH,1428
RuBiCUNd,1425
PInCuSHION,1424
FLuOReSCe,1422
ReSErPINe,1422
OsTeOPAtH,1422
BAcKPLaTe,1422
CAmPSITe,1422
BRuSHFIRe,1421
PICoSeCONd,1421
PICOSeCoNd,1421
KAtHErINe,1416
PITeOUS,1416
FAcTiOUS,1416
UNIrOYAl,1416
SmIThSON,1416
PaUNCHY,1416
PrOLiFeRaTe,1416
DyNAmISm,1415
BAmBeRgEr,1415
CReAmErY,1415
OBFUSCaTe,1414
CONSTiPaTe,1414
PUCKISH,1414
UPRaISe,1410
EuPHRaTeS,1410
OPErAtIC,1410
FIReBOAt,1410
CoCKSURe,1410
RaINBOW,1410
AtMoSPHeRe,1410
InFeSTaTiON,1407
YArMoUTh,1405
VAcCINaTe,1404
BAcKSTaGe,1404
CoNCUBINe,1400
VISiTaTiON,1400
PArAgONITe,1400
AsPErSION,1400
ORgIAsTiC,1398
BUSiNEsS,1398
ReCTiFIEr,1398
PAtHoGeNiC,1398
FUNErArY,1398
AcOUSTiC,1398
RaUNCHY,1398
BURnHAm,1395
TaBULaTe,1395
LaCHEsIS,1392
CaPrICORn,1392
SYNCoPaTe,1392
PaReNTaGe,1390
HEsITaTe,1390
CeReBRaTe,1390
MoUSTaCHe,1386
FRaNCHISe,1386
BUSHLaNd,1386
BURgHEr,1385
RuBaIYAt,1385
HoSTeLrY,1385
KErOUAc,1380
SCRaWNY,1380
UReThRa,1380
COPULaTe,1380
COPrInUS,1380
WAsTeLaNd,1380
HIFAlUTiN,1379
PReMoNiTiON,1379
PUBLiCaTiON,1376
CoAgULaTe,1375
PICaYUNe,1374
VOLuNTeEr,1374
WAsHBaSIn,1374
FLaSHBAcK,1372
FRaCTiONaTe,1372
CaNVAsBAcK,1372
CuTaNeOUS,1368
OPPoSITe,1368
CONFISCaTe,1368
DyNAmITe,1365
BIrDbAtH,1365
SeCLuSION,1365
BAcKSTiTcH,1365
UPSTaIr,1365
BaRbArOUS,1362
ClOThEsLiNe,1362
CoNVAlEsCe,1362
BrUCKNEr,1362
InArTiCuLaTe,1362
WHISPEr,1362
AmBrOsIAl,1360
BrOWNISH,1358
CHICaNErY,1358
CaPUCHIN,1358
STaLaCTiTe,1356
LaWReNCe,1355
CeRbErUS,1355
CUTbAcK,1355
HOsTeLrY,1355
SAcCHArINe,1351
HYPErBOLa,1351
CoNCUBiNe,1350
ReNdITiON,1350
BErWICK,1350
InGeNiOUS,1350
SPUMoNI,1350
INaSmUCH,1350
BaNKrUPt,1345
STeRnBeRg,1345
FRaNCIScO,1344
HYPOCrITiC,1344
HYPOCrITe,1344
InEsSeNTiAl,1344
PLaYBAcK,1344
FIBRaTiON,1344
CONSCrIPt,1344
HYAcInTh,1340
AcTiNoLiTe,1340
PrONoUN,1340
PuSHoVEr,1340
SOPHoMoRe,1338
CReSCeNdO,1338
CrUCIFY,1338
LaVOISiEr,1338
CHAmPLaIn,1338
BRaNdISH,1338
RaBBiNiCAl,1338
NeCeSSiTaTe,1338
EsOPHAgI,1338
FISHPoNd,1338
CAtHErINe,1338
AcCEsSiON,1338
CAuTiOUS,1338
GeNErOUS,1338
ReCoNdITe,1335
CrOsSWAlK,1332
PrOBOsCeS,1332
RaPtURe,1332
SOPHoClEs,1332
BOUNdArY,1332
InSULaTe,1330
PArSIMoNY,1330
PaSTeUP,1330
PrOPHEsY,1326
NaNoSeCONd,1326
AsPArAgUS,1326
WINeSKIn,1326
BAcKWAsH,1326
SPAtULa,1325
AuReLiUS,1325
UNICoRn,1325
BiCAmErAl,1325
ReInSTaTe,1325
SPINNaKEr,1323
UNIVAc,1320
RuINOUS,1320
SAlVAtORe,1320
RaINbOW,1320
AmBrOSIAl,1320
PAsSIONaTe,1316
BRaCKISH,1316
CaReWORn,1315
MoUNTaIn,1315
AmNeSIAc,1315
PrIVAcY,1315
SHErWIN,1314
HOSTeLrY,1314
ReCOVErY,1314
UKRaINe,1310
BaPtISmAl,1310
BeRnSTeIN,1308
GaBErONEs,1308
FRaNCoISe,1308
CaVINEsS,1308
BiSmUTh,1308
EsPIONaGe,1308
COWPoNY,1308
BReWErY,1305
VAmPIRe,1305
HeBePHReNIC,1304
OBSTiNAcY,1302
BrOCHURe,1302
CAlIBRaTe,1302
SCaReCrOW,1302
BICaRbONaTe,1302
RaINCoAt,1300
FrAtErNAl,1300
SINCLaIr,1296
LiMoUSINe,1296
BrITaNNiCa,1296
ThInNISH,1296
CHAmPION,1295
UPtOWN,1295
IrRaTiONAl,1290
CoNSTiPaTe,1290
PaNICKY,1290
CrOsSOVEr,1290
CoNFISCaTe,1288
PoTlAtCH,1285
ThEsSAlY,1285
YArDsTiCK,1284
CoNSeCRaTe,1284
NErVOUS,1284
INVOLuTe,1284
SnOWBaNK,1284
BiCArBONaTe,1281
CUSHION,1281
STaTiONArY,1281
PErSONiFY,1281
PErSeCuTiON,1281
PrOWEsS,1280
UPSTaNd,1280
PoPULiSm,1280
InSeCURe,1280
FIBrOUS,1278
FReSCOEs,1278
CLaReNdON,1278
BeReNICeS,1278
VIScOUS,1278
TeNeBrOUS,1278
BrAcKISH,1278
BaPtISTe,1275
InErTaNCe,1275
CaReTaKEr,1275
SInGaPoRe,1275
InCUBaTe,1275
ErUPTiON,1272
BURuNdI,1270
HeISeNBeRg,1266
BiCaRbONaTe,1266
CoPIOUS,1266
BaSOPHILiC,1264
CONSPIRe,1260
PuSHOVEr,1260
PErIClEs,1260
VArIOUS,1260
AmPuTaTe,1256
SAuCePaN,1255
AcCuRaCY,1255
SAlEsLaDy,1255
CoWPuNCH,1254
BAcCHUS,1254
CAuTiONArY,1253
PLaYbAcK,1250
PrOVINCe,1248
FURbISH,1248
GeSTiCuLaTe,1248
PReCISiON,1246
PaRaBOLa,1245
CrEsCeNdO,1245
INGaThEr,1245
VIRgInAl,1245
AmMoNITe,1245
WEsTeRn,1244
ITiNErArY,1242
ErICsSON,1242
AcCReTiON,1242
MoNOCErOs,1242
UPSTaTe,1240
EsPOUSe,1240
ThUNdEr,1240
FRaTeRnAl,1240
SYPHILiTiC,1240
CeNSURe,1240
ErICKSON,1239
NICHoLaS,1236
PErCOLaTe,1236
EsPoUSe,1236
INOCuLaTe,1236
AmErICaNa,1235
SmUCKEr,1235
HIAtUS,1235
AtCHISON,1232
ClOWNISH,1232
FAlMoUTh,1230
CoNSCrIPt,1230
WAlKOVEr,1230
BaCKPLaTe,1230
EuKArYOTiC,1225
CaNoPUS,1225
CaPrICoRn,1225
UNiVErSe,1225
PAtHOGeNiC,1225
RePuBLiCaN,1224
UPtReNd,1220
BaUHAuS,1220
RaNGeLaNd,1220
BaReBAcK,1220
WRaITh,1220
SYNaPtIC,1218
CoNFOUNd,1218
BrICKBAt,1218
PYKNoTiC,1218
FOReNSIC,1218
NUPtIAl,1215
CoPULaTe,1215
WAtKInS,1215
BiRaCIAl,1215
HoSIErY,1215
CoPrInUS,1215
INSURe,1215
BrITaNNiC,1212
OBSCURe,1212
CaPTaInCY,1212
INCuBUS,1212
BaCKSTaGe,1212
AuErBAcH,1210
WHeReVEr,1210
CUVIEr,1210
HAtTeRaS,1210
SPoILaGe,1210
PaRaBOLiC,1206
BUCCaNeEr,1206
AsPIRaTe,1205
WINErY,1205
INCUBi,1205
PrOPaGaTe,1205
STiPuLaTe,1205
CaThErINe,1205
SUPPoSe,1205
LaRgEsSe,1204
SYNoPTiC,1200
WAtErLiNe,1200
TeTaNUS,1200
SHIVErY,1200
PrOCURe,1200
STaNDbY,1200
SCrUTiNY,1200
INFErNo,1195
WINdBAg,1195
SWAmPY,1195
PoINCaRe,1195
RaBBiNaTe,1195
PuLaSKI,1195
PAtErSON,1194
EuKArYOTe,1194
OMnIBUS,1194
VISCeRa,1190
CeLaNdINe,1190
HIrSUTe,1190
LuCIUS,1190
SLaVONIC,1190
POsSeSSiON,1190
COPErNiCuS,1190
HeRbIVORe,1188
HOsIErY,1185
BIrAcIAl,1185
SWArThY,1185
SAtIrIC,1185
BrONCHITiS,1184
CrYOGeNIC,1183
EsTaBLiSH,1182
AlGeBRaIC,1182
VICErOY,1182
BErNSTeIn,1182
RaInCOAt,1180
PArAmUS,1180
VErTeBRa,1180
ClOThIEr,1180
PHAgOCYTe,1176
POTlAtCH,1176
FORgErY,1175
PIRaEuS,1175
ReTiCuLaTe,1175
PoPuLaCe,1172
HISPaNiC,1170
CoHEsION,1170
NaNoSeCoNd,1170
BAcKPLaNe,1170
PrInCIPAl,1170
SUNdIAl,1170
PErSiFLaGe,1170
ThINNiSH,1170
STaUNCH,1170
InClINaTiON,1169
WISHBONe,1169
SUBTlY,1165
CaTeCHISm,1164
LiNeBAcKEr,1164
SInGaPORe,1164
PINSCHEr,1162
RePrOAcH,1160
ReCoVErY,1160
STeInBeRg,1160
OVULaTe,1160
AlISTaIr,1160
POPuLaCe,1160
SOCrAtEs,1160
HYPErBOLiC,1160
ReFRaIN,1160
SCRaTcHY,1158
AuCTiONeEr,1158
INSOLaTe,1158
PArTiCuLaTe,1158
CoNCIErGe,1158
HePAtITiS,1158
CoNSPIRe,1158
RuPtURe,1156
LuBrICaTe,1155
BrONCHUS,1155
PLaCAtEr,1155
YUCaTaN,1155
BrITcHEs,1155
CoWPoNY,1155
VISHNU,1152
BLaNdISH,1152
InFeReNTiAl,1152
SOCrAtIC,1152
WAsPISH,1152
AcCeSSiON,1152
PLaYBaCK,1152
PaSSiONaTe,1152
FLaSHBaCK,1148
ThIAmIn,1148
GeOPHYSiCs,1148
PoPuLaTe,1148
CaNVAsBaCK,1148
SiLiCeOUS,1146
COAsTlINe,1146
AmNIOTiC,1146
AsCErTaIn,1145
TaRnISH,1145
PrInCEsS,1145
SOPRaNo,1145
ScRaWNY,1145
BaCKSTiTcH,1141
INFrInGe,1140
HIBErNaTe,1140
SUMtEr,1140
PaThOGeN,1140
InFrINGe,1140
CHAuNCeY,1140
UPSTaGe,1140
AmBITiON,1140
CUTlAsS,1140
PoSITiON,1140
WIThEr,1140
DyNAmIC,1135
HErITaGe,1135
FISHPONd,1134
AsCrIPTiON,1134
ScHoLaSTiC,1134
BaCKWAsH,1134
CEsSION,1134
PuCKISH,1134
VISiONArY,1134
CHINoOK,1134
CaCOPHoNY,1134
GaLaPAgOs,1130
KInEsIC,1130
MoNTcLaIr,1130
COURaGe,1130
BaRbArISm,1130
OsSeOUS,1130
POPuLaTe,1130
FReSCoEs,1130
EsCuTcHeON,1128
NeCEsSArY,1128
CoNVOLuTe,1128
SPUNKY,1128
BOsPoRuS,1125
HUSBaNd,1125
BINdErY,1125
PErSeUS,1125
TiTmOUSe,1125
BAcKLaSH,1122
InClUSiON,1122
HYPNoSiS,1122
FeVErISH,1122
RaInBOW,1120
FUSeLaGe,1120
CONdUCe,1120
BrISTlY,1120
CAmPUS,1120
SAtURn,1116
BhUTaN,1116
FISHErY,1116
KAtHArINe,1116
PuSHPIN,1116
BRaVErY,1115
PuBLiCaTiON,1113
FeAtURe,1112
FUSION,1110
BILaYEr,1110
FAmILiSm,1110
CAlAmUS,1110
WAsHBaSiN,1110
LuNAtIC,1110
HOSIErY,1110
PaVILiON,1110
SHErAtON,1110
ReCePTiON,1110
HYPNoTiC,1110
LaUNdEr,1108
VIBRaTe,1105
AuSPICe,1105
AcErBIC,1105
AuCKLaNd,1105
CIrCuLaTe,1105
PaRaSiTiC,1105
CeReMoNY,1105
PUNISH,1104
CAmPION,1104
AtKInSON,1104
FAmOUS,1100
UNiCORn,1100
STaIrCaSe,1100
BAcKUP,1100
WInDbAg,1100
PErCuSSiON,1099
CaPUCHIn,1098
FrICTiON,1098
CoPErNiCuS,1098
SYBArITe,1098
RaNSAcK,1095
CYPrEsS,1095
PErCoLaTe,1095
FeAtHErY,1095
PReAcHY,1095
PErIHeLiON,1092
CArIBOU,1092
COUSIN,1092
HoPSCOTcH,1092
ClAuSiUS,1090
VErTiCEs,1090
HUDsON,1090
INSHoRe,1090
CaPYBaRa,1090
SErVICe,1090
ThWAcK,1088
WAlThAm,1088
SPINAcH,1086
PoNTiFIC,1086
SPOILaGe,1086
INSTiGaTe,1086
BAtTaLiON,1086
AcTiNOLiTe,1086
CaPuCHIN,1086
POsITiON,1086
CReOsOTe,1085
INeSSeNTiAl,1085
COPuLaTe,1085
SNaPbAcK,1085
PaSSeRbY,1085
AtLaNTeS,1085
WRaPuP,1084
RePrISAl,1080
ReSPoNSe,1080
MoReOVEr,1080
PaULuS,1080
PErTaIN,1080
BOUCHEr,1080
PrOsCrIBe,1080
CeReMoNiAl,1080
MoNTeReY,1075
CReVICe,1075
AmBiTiON,1075
OSmOsIS,1075
WHArVEs,1075
InFeReNCe,1075
VErONICa,1074
VISCErAl,1074
FRaNCIS,1074
InFUSiON,1074
CHAmOIS,1074
SCrOUNGe,1074
AtReUS,1072
ErAsURe,1072
ThEsEuS,1072
PUNCTiLiO,1071
BIHArMoNiC,1071
BaSePLaTe,1070
FrISKY,1070
SUNBeAm,1070
CAtSUP,1070
KIrCHNEr,1068
POINCaRe,1068
PErKINS,1068
ScHeNeCTaDy,1068
SPInNaKEr,1068
TeSTiMoNY,1068
PErCIVAl,1068
BiHArMoNiC,1068
FrAcTiON,1065
AlFrEsCO,1065
CISTeRn,1065
WAtErY,1064
COPErNiCaN,1064
PaUPEr,1064
WIThIn,1064
CoNdITiON,1062
HoPKINS,1062
ErOsION,1060
SPuMoNI,1060
UNEsCO,1060
NaUTiLuS,1060
PaNCReAs,1060
CaPtURe,1060
BeReNiCEs,1060
HoOSIEr,1060
SePaRaTe,1060
FReScOEs,1060
CYPrUS,1060
HoOFmArK,1060
AsPArAgINe,1056
HoOsIEr,1056
PAsSErBY,1056
ReCeIPt,1056
NArCOsIS,1056
WAtTaGe,1056
CYSTeINe,1056
AsPHErIC,1056
ThReONiNe,1055
SCePtIC,1055
PErFIDy,1055
SHoWCaSe,1055
SiNGaPoRe,1055
PReCEsS,1055
INTeRnAl,1055
BILaBiAl,1055
LiVErMoRe,1055
WHeReIN,1055
BiLaBIAl,1055
INdUCe,1052
NoWISe,1052
ReSCINd,1050
CaCoPHoNY,1050
FeBrUArY,1050
VErSION,1050
AuErBaCH,1050
SCReWY,1050
FInICKY,1050
IVErSON,1050
FLaNdErS,1050
STeAlThY,1050
PLaCeNTa,1050
AuBURn,1048
HePbURn,1048
GeOPHYSiCS,1048
KAmPaLa,1048
SINCeRe,1045
AmBUSH,1045
CHoCoLaTe,1045
SYbArITe,1045
RuInOUS,1045
LiFEsPaN,1045
HoSPICe,1045
FRaNCEs,1045
CHAmPAgNe,1044
CRaNKCaSe,1044
OFFeNbAcH,1044
CONFUTe,1044
GaLaPAgOS,1044
ClOsURe,1040
SHErWIn,1040
ClOSURe,1040
PrOsTaTe,1040
InSPIRe,1040
PrOSTaTe,1040
HoNeYMoON,1038
FRaNCINe,1038
IrRuPTiON,1038
InVAsION,1038
CaPTiOUS,1038
CAtAlYSiS,1038
TeSTiMoNiAl,1038
NAtURe,1036
NICHOLaS,1036
GeNEsIS,1035
BeRnSTeIn,1035
FrONTaGe,1035
CErTaIN,1035
LuCIFEr,1035
WAgONeEr,1035
CaVInEsS,1035
LaDyFErN,1035
AcCuRaTe,1032
ThEsIS,1032
SCHoONEr,1032
ReNoWN,1032
SeClUSiON,1032
COsSAcK,1030
PAtHoGeN,1030
HOOsIEr,1030
ErNEsTiNe,1030
PoSTmArK,1030
SYRaCuSe,1030
CaRaPaCe,1028
SCrAtCHY,1026
PINaFORe,1026
ReFUSAl,1025
InCUBI,1025
BReAtHY,1025
SInCLaIr,1025
PAcIFY,1025
PaPYRuS,1025
GeOPHYSiCAl,1024
PaNThEr,1024
CAmINo,1024
WIThY,1024
BOReAlIS,1020
InTeNSiFY,1020
SHAmPoO,1020
CAtFISH,1020
CuPrOUS,1020
VIBrAtO,1020
BaNKRuPt,1020
PErUSAl,1020
NeOLiThIC,1020
CoAsTlINe,1020
CoWPONY,1020
CORnISH,1020
LaCeRaTe,1020
AcYClIC,1020
HoMoGeNaTe,1020
AmMoNiAc,1016
BArTeNdEr,1015
InSiNCeRe,1015
INFAmY,1015
BAcCArAt,1015
HOsPICe,1015
SCrIPTiON,1015
OFFeNBAcH,1015
CLaReNCe,1015
InVOLuTe,1015
SLaVErY,1015
CrUNCHY,1014
CoErCION,1014
BaKHTiArI,1014
InVErSiON,1014
CITaTiON,1014
HoPSCoTcH,1014
NoWHeRe,1012
AsUNdEr,1012
FINEsSe,1010
GeRuNdIAl,1010
AlHAmBRa,1010
PrOFUSe,1010
SeCEsSiON,1008
SiLiCOsIS,1008
PArAgONiTe,1008
ThOReAu,1008
HoRnBeAm,1008
AlLuSION,1008
RhEsUS,1008
PIRaCY,1005
KNIVEs,1005
HoOKUP,1005
OBScURe,1005
PLaNTaIn,1005
BaBYSAt,1005
SAgINaW,1005
BUReAu,1004
PIErSON,1002
ClAsSIFY,1002
CoCKrOAcH,1002
NeOClAsSIC,1001
BiNdErY,1000
BrIBErY,1000
PUPaTe,1000
SCaPULa,1000
GeNIUS,1000
CrYPtIC,1000
HePBURn,1000
UNIFY,1000
RaInCoAt,996
BaPtISm,996
COLaNdEr,995
BISTaTe,995
FUNeReAl,995
SOUTaNe,995
BAsOPHILiC,992
TeAcUP,992
AtYPIC,990
CoPErNiCaN,990
PaCIFY,990
INSeCuRe,990
CHeVAlIEr,990
HeLiCOPtEr,990
PINScHEr,990
SeCONdArY,990
CULiNArY,990
PErSeCuTe,990
BIPArTiTe,990
CUTlEr,988
PaNdORa,988
BiLaYEr,988
CAtWAlK,985
OPPrEsS,985
INCuBaTe,985
POsTmArK,985
COUPoN,985
WISPY,985
VISUAl,985
PrOVInCe,985
PaUNCH,985
HUBrIS,985
INeLaSTiC,984
CHUNKY,984
BUTlEr,984
LuNdBeRg,984
PrOSCrIBe,984
BOsPORuS,984
CrOCKErY,984
AcErBiC,984
BeRgLuNd,984
FAsCINaTe,984
SUPErB,980
CLaUSeN,980
STeINEr,980
PaRaSiTe,980
HeSITaTe,980
IReLaNd,980
ThUBaN,980
RaBIEs,980
SnOBBiSH,978
PAsSOVEr,978
BaCKPLaNe,978
INVOCaTe,978
BISmArCK,978
SmIThY,976
INFUSe,975
CoUSIN,975
InOCuLaTe,975
WHeReBY,975
CaRnIVAl,975
NAuTiLuS,975
BUSbOY,975
ReVErSAl,975
NUClEuS,975
BrOWNiSH,972
LiNeBaCKEr,972
PrOFLiGaTe,972
PoPuLiSm,972
SAlIVArY,972
GeNUINe,970
HORnBeAm,970
PaTeRnAl,968
LiBAtION,966
HeNdErSON,966
STiCKPIN,966
FISCHBeIn,966
SUBSiDy,965
SPUMoNi,965
OsSIFY,965
STaNdBY,965
AgNoSTiC,965
RuNdOWN,965
VIOLaTe,965
PoUNCe,964
SIEsTa,964
CeReUS,964
FrONTiEr,960
ScRaTcHY,960
INSHORe,960
BaHReIN,960
SINeWY,960
BRaINY,960
HErOISm,960
SCeNArIO,960
SYCaMoRe,960
INTeSTiNe,960
FONTaINe,960
VErIFY,960
CoURaGe,956
PrOFEsS,955
EuPHoNY,955
InVOICe,955
BErNICe,955
InFINiTe,955
RuBICuNd,955
InCuBUS,955
VErTeBrAl,955
SPHErIC,954
InCePTiON,954
InTeSTiNAl,954
InGaThEr,952
CURaTe,952
HAlVErSON,952
PAtTeRn,952
UPrISe,952
LaWYEr,952
CaRgOEs,952
STaTlEr,952
SWAmI,952
BeAtIFY,950
WAtSON,950
BiPArTiTe,950
SPaVIN,950
BaNNoCK,950
ReSINY,950
AlBAcORe,950
IAmBiC,948
GeSTaTiON,948
CoCKCrOW,948
BrIGaNTiNe,948
MoNoLiTh,948
CaNOPUS,948
CoNdUCe,948
PrAcTiCAl,945
PISCEs,945
PRaCTiCe,945
FUNErAl,945
PLaYbOY,945
HAmPtON,945
AmErICa,944
SUNdEr,944
SErIEs,944
WReAtHe,944
NoVICe,944
VIRgIn,944
BONFIRe,942
YONKErS,942
BOUNCY,942
PAtErNAl,940
WAlLaBY,940
CrUCIAl,940
LiTeRaCY,940
LaDyFeRn,940
VAtICaN,940
CaNoNIC,940
CaNBErRa,940
ReSPoNd,940
WReAtH,940
VINTaGe,940
BaCKUP,940
PrOCEsS,940
BiSmArCK,940
SCeNErY,940
WHeThEr,936
MoReLaNd,936
BOWFIN,936
RePUTe,936
WOUNd,936
PaPAcY,936
CONFUSe,936
FIEsTa,936
AtLaNTiS,935
WHITeN,935
PrUSSiC,935
VErTiCeS,935
CoNFUTe,935
GaRnISH,935
SWITcH,935
UNiCoRn,932
KRaUSe,932
FLiNTlOCK,931
GeOPoLiTiC,930
FINLaNd,930
InCLuSiON,930
SUPINe,930
ISOLaTe,930
BOsONIC,930
SNaPBAcK,930
BaCKLaSH,930
SOPHISm,930
PInSCHEr,930
HoPScOTcH,930
ReSPONSe,930
InSURe,928
UNiVAc,928
HoSTlEr,928
CaNoPuS,928
BeRgLaNd,928
INVErSe,925
CAlHoUN,925
INFeRnAl,925
ICArUS,925
AsPIrIN,925
YPSiLaNTi,924
FINiCKY,924
PArKInSON,924
SNoWY,924
HoAgLaNd,924
LaUReN,924
WIThAl,920
WInErY,920
RhUBaRb,920
ThInNiSH,920
CAmErON,920
PIOUS,920
InCUBi,920
CoPuLaTe,920
TeAsPoON,920
COAlEsCe,920
SHOWCaSe,918
CHeSHIRe,918
BArONEsS,918
FISCHEr,918
PInKISH,918
ScHOLaSTiC,917
HeBePHReNiC,917
YOUTh,916
SAtIRe,916
RaYMoNd,916
BrUSHY,915
FOReVEr,915
PaNiCKY,915
CePHeUS,915
BEsTiArY,915
HoNSHU,915
CoRnISH,915
WISHY,915
PReCISe,915
NeWBORn,915
BOTaNIC,912
SeCReTiON,912
PoInCaRe,912
PrAcTiCe,912
ICeLaNd,912
NeWSBOY,912
EsCaLaTe,912
InFErNo,912
SmOThEr,912
ReFUTe,912
NeWSbOY,910
SWAtCH,910
CHICaNo,910
CAmPSiTe,910
SPAtIAl,910
InSOLaTe,910
POPuLiSm,910
BErNInI,910
PrOSeCuTe,910
INURe,908
TaBULa,908
CONVInCe,906
HOSPICe,906
SUCTiON,906
CHOCoLaTe,906
CONIFEr,906
SAgUArO,905
RaVISH,905
VAcCINe,905
GaSeOUS,905
BeReNiCeS,905
WINdY,904
PReCePt,904
TeNURe,904
ICeBeRg,904
SPoUSe,904
AlFrEsCo,904
HOsTlEr,904
SYNeCdOCHe,903
SIErRa,900
BaNdPAsS,900
AtKINS,900
KArAcHI,900
ReVISAl,900
PAsSBaNd,900
SNoOPY,900
TaURuS,900
PrOPoSAl,900
UNEsCo,900
SPrUCe,900
AgITaTe,900
BYPaTh,900
SiNGaPORe,900
INFeRnO,900
PErSONaGe,900
POUNCe,900
UPLaNd,896
BiSTaTe,896
NUTaTe,896
FrOThY,896
RaPIEr,896
LiNdBeRgH,895
SPRaIN,895
NeCrOsIS,895
CHAmFEr,895
PrOTeIN,895
SePTeNNiAl,894
PINSKY,894
BRuCKNEr,894
ThORnY,892
CaTaWBa,892
FrIGaTe,892
INFLaTe,890
PoTeNTiAl,890
HeLiCoPtEr,890
FRaNCeS,890
BHUTaN,890
PAgINaTe,890
RuSHMoRe,890
PrOTiSTa,890
VIScErAl,890
ArTiCuLaTe,890
SeCoNdArY,890
FAmILiAr,890
PAtHOGeN,888
AuSTeRe,888
OsIrIS,888
AtLaNTa,888
RaCeMoSe,888
AtLaNTiC,885
PReNTiCe,885
MoReSBY,885
RaKISH,885
RaNKINe,885
CaVAlIEr,885
WHeNeVEr,885
AcTiNIC,885
RuCKUS,885
PAtOIS,885
NeIThEr,884
ReFRaIn,884
WAcKY,884
INdUS,884
RePrISe,884
AcCUSe,884
PAuNCHY,882
INCArNaTe,882
PArAsITiC,882
NaNOSeCoNd,882
KrONeCKEr,882
CYLiNdEr,880
NOWISe,880
BLaThEr,880
PAlAtINe,880
PIrAcY,880
FINErY,880
FeRnErY,876
PErCePt,876
CORuSCaTe,876
AlBErICH,876
CONVErSe,876
HOMoGeNaTe,876
PuSHPIn,875
HePAtICa,875
EsSeNTiAl,875
BeWITcH,875
CHAmBEr,875
CAlUMnY,875
BUICK,875
CONNoTe,875
InAcTiON,875
CUISiNe,875
SPuNKY,875
PrOsPEr,872
WHoOsH,872
AtTaIN,872
ReClUSe,872
AcCrUAl,872
FAmISH,870
MoCKUP,870
POSTmArK,870
SUCrOSe,870
CONFEsS,870
WArPLaNe,870
ReSPONd,870
HOSTlEr,870
SYNdIC,870
NiCHoLaS,870
CrOsSLiNK,870
MoCKErY,870
PAsSArINe,870
AsPErSiON,870
RuINaTiON,870
AmMoNiTe,868
PaPoOSe,868
CaNbErRa,868
PUNIC,865
OPPoSiTe,865
AmHArIC,865
HOAgLaNd,865
FAmILiAl,865
AsSURe,864
FrEsNo,864
ClOWNiSH,864
SMoThEr,864
OReGaNo,864
RuBiCuNd,864
CONVErGe,864
RaNIEr,864
MoCCaSIN,864
PHErOMoNe,864
KIMoNo,864
BrONCHIAl,861
CAlFSKIN,861
CHErUB,860
CReAmY,860
FUCHs,860
PUNKY,860
FRuITiON,858
CONCuBiNe,858
PLuNdEr,856
BrUISe,856
SONoRa,856
PrOPOsAl,855
PArAsITe,855
COUSIn,855
SHoReLiNe,855
PuNISH,855
ScHoONEr,855
STeUBeN,855
BaUSCH,855
CaTcHUP,855
EsKIMo,852
SUITe,852
PaPErY,852
BaRbArIC,850
CrIBBaGe,850
WHInNY,850
SOUPY,850
SHOsHoNe,850
MoISTeN,850
SPInAcH,850
CAtKIN,850
BOUNCe,850
CaPuCHIn,850
InSTiGaTe,850
BrISBaNe,850
NaVIGaTe,850
HIThEr,848
PrEsTiGe,848
CoLaNdEr,848
WAsTaGe,848
WRaSSe,848
VAcUO,848
HArMoNICa,846
SCArIFY,846
CoNCErTiNa,846
CLaSSiFY,846
CoNFUSe,845
PoPISH,845
PArKLaNd,845
TaPIOCa,845
RuFOUS,845
CAmINO,845
IrWIN,844
PIErRe,844
SUPRa,844
RaReFY,844
CAmPuS,844
CaPTaIN,840
FRaCTiON,840
BRaNdON,840
WONdEr,840
BrITaIn,840
CaLiBRaTe,840
PONTiFIC,840
BeAtNIK,840
NoISY,840
SeCLuSiON,840
PoISON,840
PHILiSTiNe,840
WHeReOF,840
CoUPoN,840
AcCEsS,840
CAtHArSiS,840
CAtAlINa,840
BaInITe,840
BaPTiSmAl,840
KrYPtON,840
PuNCTiLiO,840
CrAmPoN,840
SPURn,836
ReScINd,836
ScReWY,836
PErUSe,836
PrOsODy,836
SeAsHoRe,836
InSULiN,835
SPrINGe,835
CoNCReTe,835
HUSKY,835
PErKInS,835
POInCaRe,835
PrOPHeSY,834
HOPKINS,833
ReFUGe,832
VIrUS,832
PIRaTe,832
ReTaIN,832
AmNeSiAc,832
ErSKINe,830
GeNErIC,830
FEsTiVAl,830
CAtNIP,830
WHoOSH,830
CaPtION,830
FUNKY,830
ClOSeUP,830
NOWHeRe,830
WHeReON,830
SPoOKY,830
HoPKInS,830
PrOSPEr,830
PrOLiFIC,828
HErEsY,828
PrORaTe,828
SeCURe,828
VIKrAm,828
MoReSbY,828
ReCUSe,828
MoNKISH,828
SeTbAcK,828
SLaVONiC,828
InSHoRe,828
GaBErONeS,828
CONCuBINe,826
CONCeRn,825
RePLiCaTe,825
NiKOLaI,825
SPOUSe,825
AmBrOSiAl,825
PRaCTiSe,825
YUKON,825
LuNAcY,824
RaISIn,824
SOUTh,824
HINdU,824
FIScHBeIn,822
FILiPInO,822
CrYOGeNiC,822
SClErOTiC,822
SeCeSSiON,822
CoNVOCaTe,822
CoNVInCe,820
VEsPEr,820
PErTaIn,820
OsPReY,820
PaThOS,820
CrOPLaNd,820
EsCrOW,820
PoSTaGe,820
CoNIFEr,820
GeSTaPo,820
CaCoPHONY,819
HAlFBAcK,816
BLuNdEr,816
RuTaBaGa,816
BIOPSY,816
UTeRuS,816
UNITe,816
BiKInI,816
LaCErTa,816
PrAcTiSe,816
LaTeRaN,816
FAsCISm,815
PUSHY,815
HAmMoCK,815
ODySSeY,815
PErGaMoN,815
LaUNCH,815
INErTiAl,815
WReNCH,815
PrOVErB,815
WHISK,815
CrUISe,812
HITlEr,812
PLaTeAu,812
YUKI,812
LaYUP,812
PYKNOTiC,812
ReSONaTe,810
FInNISH,810
RaBiEs,810
SCArVEs,810
LaWSON,810
FIBrOSiS,810
PArSiMoNY,810
SeNSUAl,810
AtHeISm,808
WArMtH,808
CRaVAt,808
ErWIN,808
KNoWN,808
LaNTeRn,808
WAlLaCe,808
STeAmY,808
CuTbAcK,808
PoNTiAc,808
TiTmICe,808
FReSNo,808
LiMoUSiNe,805
BErNiNI,805
TiTaNIC,805
BErNINi,805
BaPTiSTe,805
AmPLiFY,805
CAsSiUS,805
CoOKErY,805
CAsHIEr,805
SHIVEr,805
EuGeNIC,805
BiOPSY,805
SiNCLaIr,805
InGeSTiON,804
MoINEs,804
FrEsNO,804
BeRnICe,804
SLaNdEr,804
SUMnEr,804
BrOThEr,804
ORnErY,804
TaCHYON,804
SCRuTiNY,804
MoNIEs,804
ReCTiLiNeAr,804
ArTiFICe,800
PoCONo,800
BeNThIC,800
SWAmP,800
FrEsCO,800
PrISTiNe,800
PReSTiGe,800
VErNoN,800
WHeReIn,800
COYPU,800
SAmOVAr,800
InTeRnAl,800
WINDy,800
PAsSiONaTe,798
EuPHONY,798
PArOCHIAl,798
SAlErNo,796
CAtION,795
AmNiOTiC,795
CoRuSCaTe,795
PYThON,795
CRaNKY,795
AtONIC,795
INBORn,795
PAlEsTiNe,795
CoNVErSe,795
SInCeRe,792
AuBReY,792
PUBLiSH,792
PAsSION,792
SLuICe,792
EsSeNCe,792
HAmMoNd,792
OUVRe,792
COAtEs,792
INTeRn,792
NIAcIn,792
OFFeNBaCH,791
SYNOPTiC,791
CArOUSe,790
FAlKLaNd,790
CoNFEsS,790
AgNOsTiC,790
SArAtOGa,790
AlBaCORe,790
CaThArSiS,790
CaUCHY,790
HAcKNeY,790
CaSHIEr,790
PAsSeRbY,790
SURaH,788
HoOVEs,788
PIThY,788
CoAlEsCe,788
CoNCuBINe,786
PICAsSO,786
CaRbONIC,786
CAlCuLaTe,785
CONCePt,785
BISmArK,785
CrISPIn,785
CoNVErGe,785
SLiPPaGe,785
BAlTiMoRe,785
AlAsTaIr,784
BeNThAm,784
ReCEsS,784
BUNdY,784
PaULiNe,784
SHoWY,784
UPBeAt,784
POsTaGe,784
CErTaIn,784
WAgNEr,784
FErNaNdO,780
VIRgO,780
CaUSTiC,780
CAtAlPa,780
TaNAgEr,780
BaYOU,780
BISHoP,780
ThRaSH,780
CoAlITiON,780
FrEsHeN,780
ArCCoSINe,780
TeRnArY,780
PHYSIC,780
MoONBeAm,780
AlCEsTiS,780
CoNCuBiNe,780
CAsINo,776
PIErCe,776
HeIrEsS,776
KOVAcS,775
SLaVIC,775
OLiVIEr,775
MoLuCCaS,775
PArLaNCe,775
CAlIPEr,775
BAsILiSK,774
PrOPHeCY,774
SHINbONe,774
TiMoThY,772
TaWNY,772
WReTcH,772
MoRaINe,772
EsThEr,771
PaThOs,771
NaIrOBI,770
HeBRaIC,770
SCRaTcH,770
PIONeEr,770
AlIMoNY,770
PInScHEr,770
BeRnInI,768
InFAmY,768
CrISEs,768
BRaUN,768
WINCe,768
EsCHeAt,768
BRaNdY,768
SCReAm,768
BUSHY,765
SLaPdAsH,765
OSPReY,765
BeAuTiFY,765
CoWBOY,765
PErISH,765
CePHEuS,765
FInEsSe,764
SUPEr,764
CLaIRe,764
PHoNoN,764
LaCrOsSe,764
CaSINo,764
BOURn,764
ReNoIr,762
HArMoNIC,762
PErSONAl,762
CAlHOUN,762
STiCKPIn,762
AlFReSCO,762
CAlIBRe,760
InVOCaTe,760
PUNiSH,760
PRaISe,760
GeNEsCO,760
CaPrICe,760
GaINEs,760
KNaUEr,760
FIScHEr,760
MoUSY,756
BaINiTe,756
WRaTh,756
CLaUSe,756
ReCTiFY,755
BICKEr,755
IrONIC,755
UNiSON,755
PAlFReY,755
SeAsHORe,755
NoSeBAg,752
INbORn,752
LaCTaTe,752
CHoOsY,752
CoNNoTe,752
HoSTaGe,752
SKAtEr,752
FIErCe,752
HoSiErY,752
WYNEr,752
SPaWN,752
PIScEs,752
ArMoIRe,752
NeCKLaCe,750
LaVISH,750
CaLaBaSH,750
MoNOLiTh,750
PLuCKY,750
ThReAt,750
LaCoNIC,750
AmINo,750
BeSmIrCH,750
NeOPHYTe,750
PrOCaINe,750
OBSTiNaCY,749
SCaPuLa,748
InSeCuRe,748
WRaCK,748
RaINY,748
KIVU,748
CINdEr,748
SLiVErY,745
InTeSTiNe,745
InSHORe,745
NOVICe,745
CaUTiON,745
CoUPON,745
CrAmPON,745
BrITcHeS,745
PLaSmON,745
SPUNK,745
RuBBiSH,745
PINCEr,745
NUPTiAl,745
ReCLuSe,744
LaNdIS,744
ISLaNd,744
InCuBaTe,744
PArSIFAl,744
InCLiNaTiON,742
CHURn,740
PHoNIC,740
ClAmBEr,740
GaSIFY,740
PrOPoSe,740
STeInEr,740
CHoPIN,740
SArAsOTa,740
FArThEr,740
HoRaTiO,740
CRaYON,740
BaSILiCa,740
UPtON,740
SNaPBaCK,738
RaThEr,738
InFUSe,736
ErRaTiC,736
CoUSIn,736
SWORn,736
CHoICe,736
AuBErGe,736
MoUSSe,736
KLaUS,736
WHeReAs,736
FeCUNd,736
VErONiCa,735
NiHILiSm,735
ArOUSAl,735
VArIAc,732
BOYISH,732
PoUCH,732
COWSLiP,732
BiKINi,732
HErPEs,732
WHAcK,732
AtTaCK,732
PArKISH,732
AlUMnI,732
ClOUDy,732
PAtHoS,732
InFErNAl,730
InSCrIBe,730
PAtCHY,730
MoSCOW,730
PHoBIC,730
BLuISH,730
BeRgSON,730
OBTaIN,730
CrOCUS,730
ThAtCH,728
CaYUGa,728
BaKErY,728
GeNeRaTe,728
BiSmArK,728
HOsTaGe,728
WHUP,728
ThReSH,728
STeArIC,725
FLuNKY,725
BOWFIn,725
CaNOPuS,725
BYPAtH,725
PrOGeNY,725
CAlIBEr,725
EsCHeW,724
BRaInY,724
CAsTeTh,724
PAuLuS,724
NoBODy,724
EuNICe,724
BiSHoP,724
BaHReIn,724
FRaSEr,724
CeReBrAl,724
BaRnEs,723
NaUTiCAl,720
CAsTiGaTe,720
LiTmUS,720
VICInAl,720
CErTiFY,720
PaULa,720
PReAcH,720
BUTaNe,720
SEsSiON,720
FeAtHEr,720
PaLaTiNe,720
WHITe,720
HYPHeNaTe,720
SPrITe,720
SILiCaTe,720
PUSeY,720
SNOWY,720
SPuMoNi,720
POSTaGe,720
GeSTaPO,720
CArNIVAl,720
ThReW,717
HAmPEr,716
FrINGe,716
SPaVIn,716
NaIrOBi,716
BrIGaNd,716
ReSInY,716
CIPHEr,715
VAgINAl,715
PSYCHo,715
PLaCeBO,715
LiFeSPaN,715
INSTeP,715
PrISON,715
CONTaIn,715
ErUPt,714
FOReNSiC,714
HeUSEr,712
CaSTeTh,712
CoNCeRn,712
LiNdBeRg,712
BaLaNCe,712
ReUBeN,712
ArOUNd,712
NePoTiSm,712
LaURa,711
PuPaTe,711
PLuSHY,710
SPIKY,710
SErAgLiO,710
ThRaCe,708
VInTaGe,708
VArNISH,708
InVITe,708
SAlAmI,708
UPrOAr,708
INLaNd,708
PoUNd,708
SOLiPSiSm,708
USHEr,708
SWAtHe,708
PrINCe,708
PAtHOs,708
PILaTe,708
NiAcIN,708
SLiThEr,708
InFErNO,705
WINCH,705
CaSTiGaTe,705
PONTiAc,705
HArNEsS,705
BrUNCH,705
PIUS,704
DyNAmO,704
FrOWN,704
AsPIRe,704
CaNoPY,704
VEsTiGe,704
PrOLaTe,704
HErOEs,704
BiCKEr,704
SWAtH,704
SOUNd,704
POTeNTiAl,702
PrOBaTe,700
PoSNEr,700
ScArIFY,700
BIPLaNe,700
POUNd,700
SHINBONe,700
HErOINe,700
BYLaW,700
VICKY,700
SCeNIC,700
PHoSGeNe,700
FInLaNd,700
BIOTiTe,700
CArUSO,700
OsBORn,700
AlFReSCo,700
HYPNOSiS,700
TaVErNa,700
AcUTe,699
PoTaSH,696
RaVINe,696
PaTcHY,696
InVErSe,696
WReCK,696
InFeRnAl,696
CAmBEr,696
AsPIrIn,696
SePTaTe,696
CaTiONIC,696
PrIVY,696
WArReN,696
NiCHOLaS,696
CrOsSBAr,695
KErOSeNe,695
LaCrOSSe,695
CuVIEr,692
SYKEs,692
CoYPU,692
BAtHoS,692
SAlUTe,692
WINY,692
SWORe,692
KNAuEr,692
AlBINo,692
PArAlYSiS,690
TeSTiFY,690
OBVErSe,690
VErBOSe,690
PINNaTe,690
CLaNNiSH,690
SCHISm,690
SHOWY,690
FINaNCe,690
PInSKY,690
CErBeRuS,690
NoTiFY,688
INTeNd,688
ReNeWAl,688
INCuBi,688
AmBrOSe,688
CaRaBaO,688
ErRaTa,687
LuThEr,687
BrUNo,687
WINo,687
HYPNOTiC,686
CaNNaBiS,685
PaSTiCHe,685
HErOIN,685
PLaSMoN,685
PrOCuRe,684
OCTeNNiAl,684
OBSTiNaTe,684
PAlPaTe,684
STeAlTh,684
AlBaCoRe,684
CLaUS,684
FINNiSH,684
SCReW,684
SePtIC,684
TaVErN,684
CAlKINS,684
SnOWY,684
ArCHIVAl,684
ClOsEuP,684
PHoBiC,684
BeRnINi,684
SCrIPt,684
CuSHION,684
PaNCHo,684
WITcH,684
NoTaTe,681
WAtEr,681
AlPHoNSe,680
BaUScH,680
CoNCePt,680
PaSSiON,680
ClArIFY,680
RaCCoON,680
BUNDy,680
SCUBa,680
BaThOS,680
BReAcH,680
HErOIC,680
InCArNaTe,680
BArRaCK,680
CHoOSY,680
SHOReLiNe,678
MoNArCHY,678
PoWEr,678
PArAlYTiC,678
CoHeSION,678
ThINK,676
InFeRnO,676
AtKInS,676
FOUNd,676
HAuLaGe,676
AgOUTi,676
KNiVEs,676
CrOsSbAr,676
FIErY,676
SErGeI,676
PoSiTiON,675
CAlCuLuS,675
CoWSLiP,675
CArTiLaGe,675
CaNaVErAl,675
AcCePt,675
PrOPHeTiC,672
NeCrOPSY,672
GeNiUS,672
SPRaIn,672
SeNoRa,672
PRaNCe,672
NINeBArK,672
ThICK,672
PrOPaNe,672
MoUTh,672
CaNNaBIS,672
UNiFY,672
PrOTeIn,672
EsTaTe,672
CAlFSKIn,672
RaNCHo,672
PHOsGeNe,670
SHUCK,670
CEsSiON,670
DyNAsTiC,670
KrISTiN,670
BeNeFICe,670
YAtEs,669
BArBaRa,668
ReNOIr,668
BReAtHe,668
STeRnAl,668
BAtHOs,668
FAmINe,668
SeCReTe,668
PrOPoS,668
InFLaTe,668
SPaIN,668
PReFEr,668
PoEsY,666
COPLaNAr,666
BaThOs,666
FAsHION,666
INSOFAr,666
BaNISH,665
MoCCaSIn,665
OBSCuRe,665
ScRuTiNY,665
HUBCaP,665
BUCoLiC,665
CONTeNd,665
PHONoN,665
LiONEsS,665
HoOVEr,664
SHReW,664
WAtCH,664
BRaNDy,664
HUBEr,664
LaCUNa,664
AtTaCHe,664
POsNEr,664
BReAtH,664
AmUSe,663
RePuTe,663
MoURn,660
VErTiCAl,660
BiOTiTe,660
BrONCHI,660
BOUNd,660
CoCHINeAl,660
UNeSCO,660
OUNCe,660
FrICK,660
GeNEsCo,660
PICKY,660
CoCHRaNe,660
FRaNTiC,660
SCrAtCH,660
NArRaTe,660
ArCHErY,660
PInION,660
FInErY,660
VISTa,660
POWEr,660
FeBRuArY,660
AtTaCH,660
UNdEr,660
BiPLaNe,660
BOTaNY,660
PaNdEr,657
HoUNd,657
SHoWN,656
NeBULa,656
FAcIAl,656
PAtINa,656
PoNCHo,656
WHoOP,656
KOsHEr,656
CaPSTaN,655
SHRaNK,655
FOCUS,655
CrOUCH,655
CHAlICe,655
SiCKISH,654
SUDs,654
BONaPArTe,654
SYNaPTiC,654
RaNKIn,652
IrVINe,652
AmINO,652
FInITe,652
GaWKY,652
PHoBOs,652
FAtHEr,652
WITh,651
PaUSe,651
HOSTaGe,650
PAtHeTiC,650
CHOOsY,650
STaNNiC,650
CoNCErTi,650
FUSiON,650
CrUNCH,650
HOSiErY,650
SPINY,650
SKInNY,650
VOUCH,650
BaUEr,648
FRaNCe,648
HOPKInS,648
InURe,648
WHoRe,648
BAtIK,648
WOTaN,648
RaISiN,648
BaNdGaP,648
ErRaNd,648
STeRnO,648
CoWLiCK,645
CrOWBAr,645
CoCHRaN,645
SPArTaN,645
KIMoNO,645
SPICY,645
PrOMoTe,644
CaPITa,644
CHeAtEr,644
HOUNd,644
ScArVEs,644
POEsY,644
SAtIN,644
RuFUS,644
CErISe,644
CReTaN,644
PAtIO,644
INaCTiON,642
GaSCONY,642
FISSiON,642
USgS,642
HINEs,640
InCITe,640
PuNIC,640
PHeNoLiC,640
COLuMnAr,640
KINNeY,640
ReCIFe,640
FInISH,640
IrVIN,640
COPtEr,640
CrUTcH,640
RaCIAl,640
BONUS,640
CaRbONaTe,640
FrEsCo,639
PoCoNo,639
SAcHs,639
HoRaCe,639
CeLaNeSe,636
VIPEr,636
PuNKY,636
SPIRe,636
AlBErTa,636
SURf,636
SHAgBArK,636
NICOTiNe,636
CuTlAsS,636
BUTeNe,636
BErNiCe,636
CAtKIn,636
AgNOSTiC,636
MoSCoW,636
PoNdEr,636
NAuTiCAl,635
COUSiN,635
PaSCHAl,635
VILiFY,635
BrITiSH,635
LiFeBOAt,635
CaThOLiC,635
CoNCISe,635
CoAtEs,633
WHORe,632
PrOPOs,632
SPRaY,632
WISP,632
CINdY,632
TiTaNaTe,632
RaTiFY,632
CAmInO,632
SILaGe,632
FICTiON,630
CHOICe,630
HErSHeY,630
AlFReScO,630
TeThEr,630
PaNIC,628
HoOSiEr,628
INFRa,628
BUTeO,628
CaPTaIn,628
TaPIS,628
CaUCuS,628
YUCCa,628
CHUNK,625
ClAsSIC,625
PAtHOS,625
BArCLaY,625
BArONIAl,624
UNArY,624
BaCKBONe,624
YUCK,624
HAlFBaCK,624
SPrInGe,624
INLaY,624
BURg,624
CoNTaIn,624
HeCUBa,624
CaNoNiC,624
HeBReW,624
SMoOTh,624
PrIAm,621
AtTaIn,621
HoWDy,621
PAtSY,620
FAlLaCY,620
HORaCe,620
BaPTiSm,620
LuCErNe,620
FUCHS,620
ReHeArSAl,620
GeYSEr,620
CoPLaNAr,620
KITcHeN,620
CaLuMnY,620
ReClINe,620
NaBiSCO,620
PaLaCe,618
SUNY,616
STaNCe,616
MoNTaGe,616
SiNCeRe,616
SmITh,615
NOISY,615
PoLiTiCO,615
BOsONiC,615
BiSHOP,615
NeONAtAl,615
RaBIN,612
ClUTcH,612
PUNY,612
SWINe,612
BORaTe,612
ScRaTcH,612
HIPPo,612
BRaIN,612
PaNSY,612
ReMoVAl,612
BaNAcH,612
WINK,612
SPINaCH,612
SINeW,612
FORbEs,612
FAtTeN,612
TeCHNiON,612
CErEuS,612
FLaSHY,610
FINeSSe,610
HeGeMoNY,610
CAuTiON,610
FReNeTiC,610
POUCH,610
AuCTiON,610
BINArY,610
VICHY,610
ReNdEr,609
BUSY,608
LiThIC,608
COSmOs,608
POCoNo,608
InErTiAl,608
WICK,608
AcCRuAl,608
ArOUSe,608
PoSnEr,606
WIRe,606
CYClOPS,606
DyNaSTiC,605
PUBLiC,605
PUNCH,605
ErVIN,604
CHUTe,604
STeReO,604
BrOWSe,604
PrOTeGe,604
RuNNeTh,604
ThRuSH,604
AsHLaNd,604
SIReN,604
FOAmY,604
PONdEr,604
PAmPa,603
NoUN,603
PoLaNd,603
PaLaTe,600
PHoNeTiC,600
SErIAl,600
CYPRuS,600
PuSHY,600
CArBONaTe,600
BOTaNiC,600
CINNaBAr,600
BeCaUSe,600
BUSCH,600
PArSONaGe,600
RhINo,600
ThErMo,600
GaSCoNY,600
BaYONNe,600
IrWIn,600
VErSiON,600
MoThEr,600
PrOPEr,600
KrAmEr,597
LaHoRe,597
BAtTeN,596
LuPINe,596
CrYPtO,596
TaHITi,596
TeHeRaN,596
HOWDy,596
STaIN,596
CONiFEr,595
PuBLiSH,595
INClOSe,595
BiFOCAl,595
ClOSEuP,595
NICoTiNe,595
ArBOReAl,595
ThUS,594
AlBiNo,594
NaBISCO,594
CeTeRa,594
PUPa,594
TeHRaN,592
InCeNSe,592
OsMoSiS,592
LiBRaTe,592
CoSmIC,592
KIRbY,592
STaTeN,592
InBORn,592
HEuSEr,592
AtTeNd,591
LaTeRa,591
ReTaIn,591
OsIEr,591
PErSONa,590
FISHY,590
FRaNCO,590
HArPoON,590
ArSeNIC,590
CuPrIC,588
SPuRn,588
IrISH,588
GeNUS,588
SOLuTe,588
WAlRuS,588
LaNdAu,588
WAsHY,588
BiNArY,588
BaWDy,588
SErINe,588
CaRaCAs,588
LiBeRaTe,588
CAsCaRa,588
BISHOP,588
COYPu,588
HoOPLa,588
SCePTiC,585
NePOTiSm,585
KNoW,585
SCoPIC,585
CrOSSbAr,585
WIEr,585
KrISHNa,585
MoNAcO,584
FIBrIn,584
CArAcAs,584
CaLaIS,584
CoNTeNd,584
ICeCaP,584
SErIF,584
CHeEsY,584
OsMoTiC,584
MoUNd,582
CAlYPSO,582
COsINe,580
GaNdHI,580
SHINY,580
CaLaBAsH,580
NeOTeNY,580
PLaSTiC,580
SNoOK,580
OPtIC,580
HYAlINe,580
OSIEr,580
AsInINe,580
AcTiNiC,580
HoOLiGaN,580
UNeSCo,580
AlCoHoLiC,580
ArRaNGe,580
MoScOW,580
SHIRe,580
HoUSe,579
IRaTe,579
SNoRe,579
KAtHY,576
HeAlThY,576
PLaCaTe,576
CrOsBY,576
CAsUAl,576
WISH,576
BrUSH,576
BUOY,576
ClErIC,576
CUNY,576
HoRnY,576
FORaY,576
SILiCONe,576
ISOCLiNe,576
SNoW,576
FLaNaGaN,575
ReCKON,575
SNAtCH,575
PIGeON,575
CInNaMoN,575
BAtHOS,575
BAlINeSe,575
SYNaPSe,575
FReSNO,575
ErWIn,573
ScReAm,573
BArRaGe,572
VAlErY,572
SCaUP,572
WHIP,572
ThOU,570
BAsILiCa,570
FReSCO,570
BArGaIN,570
POSNEr,570
MoInEs,570
SHeNaNiGaN,570
CHICaNO,570
WIrY,570
PErSON,570
VOICe,568
SnAtCH,568
InCISe,568
InTeNSe,568
SPaTiAl,568
WINO,568
FReSnO,568
SPICe,568
LaTiNaTe,568
FINiTe,568
KReSGe,568
BrUNO,568
NoISe,567
WInDy,567
GaThEr,567
GaUDy,567
FRaU,567
BaSAlTiC,565
VAlOIS,565
PaNCHO,565
POTaSH,565
NArWHAl,565
BaBCoCK,565
PHOBiC,565
AlLuSiON,565
AsOCIAl,565
WHeNCe,564
LaHORe,564
FrAsEr,564
CaUSAl,564
OPPoSe,564
CoLuMnAr,564
POSnEr,564
CaSUAl,564
VIOLa,564
PUNiC,564
HeSiTaTe,564
PErKY,564
BIFOCAl,564
SNoOP,564
BUTcH,564
CONGeNiAl,564
CrAmEr,561
RaNdY,561
InTeRn,561
BaTeAu,561
FrEsH,561
SeAtEr,561
WINd,561
NOTaTe,560
ClAsSiFY,560
POLaNd,560
SAlErNO,560
COsMoS,560
KIrBY,560
WHeLaN,560
COErCe,560
SAuCY,560
CoUSiN,560
NaBISCo,560
KOSHEr,560
PaULi,558
SILiCON,558
SiEsTa,558
CONFINe,558
BIOTa,556
CArEsS,556
NoTiON,556
SOLaCe,556
BEsTiAl,556
CORnY,556
PuNiSH,556
SPoNGe,556
PINiON,555
FrOTh,555
PHoBOS,555
BUNCH,555
BrUCe,555
GaRnEr,555
SWAm,555
SeVErAl,552
AsTaTiNe,552
PInCEr,552
OsSiFY,552
RuBrIC,552
AlGeBRa,552
RaNiEr,552
ThORn,552
PAlErMo,552
WHINe,552
PHRaSe,552
BiBLiCAl,550
MoNAsTiC,550
COINaGe,550
RaNCHO,550
AlGeNIB,550
KINeTiC,550
UPoN,549
AcORn,549
SURe,549
BAmBi,549
AcCRa,549
BURn,549
SCrUB,548
VIXeN,548
ScHISm,548
INHeRe,548
InITiAl,548
SeNORa,548
ClAuSeN,548
NaBiSCo,548
INFEr,548
PrICK,548
SiNeWY,548
CRuISe,548
FORaGe,548
CHoPIn,548
TaCKY,548
HeReIN,548
NoTiCe,546
AtTiRe,546
PURe,546
WAcK,546
SPaRe,546
FIAsCO,545
SiSKIN,545
BaSTiON,545
NeVINS,545
SILiCoNe,545
FReSHeN,545
HArMoNiCa,545
BOsSY,544
VIRuS,544
SPITe,544
BeAtNiK,544
PoLiTiCo,544
InCuBI,544
SPuNK,544
BRuISe,544
ArCsINe,544
LiNdSeY,544
SILaNe,544
ITcHY,544
WInCe,543
CHOPIN,540
BArTeNd,540
ORaNGe,540
BaSiLiSK,540
UNiON,540
TaNSY,540
HePaTiCa,540
OBTaIn,540
LuCKY,540
ReSiNY,540
HOUSe,540
ReICH,540
BYPAsS,540
PAuNCH,540
PrAlINe,540
LuNArY,540
HeUSeN,540
PHONIC,540
LiBErTiNe,540
ITaLiC,540
NAsSAu,540
GaInEs,537
TaPPa,537
BrUTe,537
BrINY,536
NiPPoN,536
ClUCK,536
CAtNiP,536
HORnY,536
SINCe,536
SUNK,536
STaCY,536
VAgINa,536
BAuSCH,535
CAsINO,535
FINiSH,535
BRaNCH,535
SPArKY,535
CoNGeNiAl,535
HArMoNY,535
CuTlEr,534
SHInBONe,534
RaBAt,534
RaBiN,534
CrUSH,532
MoNTaNa,532
BrOAcH,532
ArCsIN,532
CHoRuS,532
LiVErY,532
SPRuCe,532
SLaIN,532
PUNK,532
SErMoN,532
ICaRuS,532
SUCK,532
CrAtEr,531
WRaP,531
SHOWN,530
CoNFINe,530
PoNCHO,530
CrYPTiC,530
FInNeGaN,530
BArNaBaS,530
GaScONY,530
SILiCoN,530
CoNiFEr,528
CReAm,528
PoLiCY,528
SeVErN,528
PLaIN,528
CINDy,528
RaBBi,528
VAgInAl,528
RaInY,528
BaSIN,528
SCAmP,528
HeIFEr,528
CEsSNa,528
HeReSY,528
NeOClAsSiC,528
PHOBIC,528
InSTeP,528
PUCK,528
HoNKY,528
WHoSe,525
VISiON,525
SPoRe,525
BReAm,525
RaISe,525
SWAt,525
AsHoRe,525
NaPKIN,525
BRuSHY,525
PErU,525
PHOBOs,525
SOUP,524
FRaNCo,524
IrONY,524
CAtHY,524
GaUCHe,524
OPUS,524
UNeScO,524
VInCI,524
BaSIC,524
ArRaCK,524
PLaTeN,524
SNAcK,524
BICeP,524
PoAcH,522
PaPEr,522
PrISm,522
PrEsS,522
CAuCuS,520
SPINAl,520
CHINeSe,520
SPUN,520
HAlPErN,520
WInCH,520
PLaNCK,520
CoNVOY,520
CaSINO,520
PErTh,519
CURe,519
CErEs,519
CoPtEr,519
HIrAm,519
BAlSAm,516
BIrTh,516
CUSP,516
InClINe,516
PArLaY,516
EuGeNiC,516
TiTaNiC,516
ReUB,516
PaWN,516
UNiTe,516
SiNUS,516
BArNEs,516
PRaNK,516
PONCHo,515
CeSSiON,515
ArCSINe,515
STaNCH,515
FInNiSH,515
CAlKInS,515
STiNKY,515
PArISH,515
VInSON,515
ScOPIC,515
WAcO,513
PoISe,513
SINo,513
BeNArEs,512
STeIN,512
SNaFU,512
COReY,512
CIrCuS,512
SHeILa,512
PHoNY,512
SmOKY,512
ErICH,512
SnICK,512
LaBIAl,512
PErCY,512
PSYCHO,510
WHAm,510
KINeSiC,510
TaBU,510
STiCKY,510
SiErRa,510
PrICe,510
ArIEs,510
ScReW,510
MoIRe,510
SmAcK,510
CAlVIN,510
FUNK,508
BrOWNe,508
ClOAcAl,508
VAgArY,508
LuNaCY,508
TeNdON,508
CrISeS,508
SPLaY,508
KIrOV,508
FReSCo,508
PInNaTe,508
AtONiC,508
SPoOK,508
FLaXeN,508
ReMoTe,507
CuRaTe,507
ScUBa,507
SPaSm,507
MoNiEs,507
SNICK,505
NOSeBAg,505
HErOIn,504
WORn,504
PAtEr,504
CoUCH,504
CRaW,504
CoYOTe,504
FrInGe,504
SeAmY,504
PaScHAl,504
MoUSe,504
NeThEr,504
PoCoNO,504
PaSCAl,504
AmBEr,504
EsTeS,501
NoNCe,501
SAmBa,501
KrEsGe,501
BaKU,501
PuSeY,501
SmITe,501
PLuNGe,500
FeSTiVAl,500
ArCSIN,500
InSOFAr,500
SHAcK,500
BLaINe,500
ClInIC,500
CONaKrY,500
BOWLiNe,500
SCRaP,500
LiNNaEuS,500
InLaNd,498
UTaH,498
NiAcIn,498
ReVEr,498
PEsTe,498
OThEr,498
STaIr,498
NoLaN,498
PrInCe,498
ArUBa,498
FInIAl,496
BRaVO,496
FLaKY,496
PUSH,496
FOYEr,496
AuSTiN,496
BrOWN,496
FRaNCa,496
AsINiNe,496
BOVINe,495
TaPIr,495
CaRbONiC,495
CAlVArY,495
CoSmOs,495
BeSTiArY,495
SPaCe,495
CaNVAsS,495
OBLiGaTe,495
ReAcH,495
CHoU,495
CoINaGe,492
BrISK,492
NaBiScO,492
ONUS,492
BUNK,492
BiOTa,492
INNaTe,492
BrAsSY,492
SIAm,492
STaRe,492
PHOSGeNe,492
SHAsTa,492
BeCAuSe,492
HYPEr,492
FRaNK,492
ReAsON,492
RaSCAl,492
COHoSH,490
FReNCH,490
CONFEr,490
NaBIScO,490
CaReEr,489
XeNoN,489
BErTh,489
NeAtEr,489
AlTaIr,489
STeAm,489
AuTiSm,489
LiTaNY,488
LaNKY,488
MoNICa,488
FIAsCo,488
CrOSbY,488
UPON,488
CHEsS,488
KORaN,488
OBLaTe,488
SPArTa,488
BUCK,488
LiNCHPIn,486
WInY,486
KrUSe,486
LiPSTiCK,486
OBSCeNe,485
MoNaSTiC,485
OCCuPY,485
AlISON,485
FISCAl,485
OLiVINe,485
COCaINe,485
COUP,484
GeLaTiNe,484
CLuTcH,484
MoINeS,484
NeWArK,484
PoTiON,484
CHeWY,484
HeReBY,484
SPIrAl,484
BOReAs,484
BaRbEr,483
PrUNe,483
InCuBi,483
BErRa,483
RaNDy,483
FUNd,483
TeNoN,483
WISe,483
WHeAt,483
InTeNd,483
YVEs,483
ErAtO,483
CuLiNArY,480
WHAt,480
SOCIAl,480
LiBaTiON,480
CHAsTiSe,480
TaLuS,480
LiNeUP,480
GeNErAl,480
FrOCK,480
OCArINa,480
GeNdEr,480
CaRbINe,480
CRaNK,480
SNUB,480
CoYPu,480
BRaDy,477
GaNdEr,477
SPaTe,477
ThIS,477
CRePt,477
CAtEr,477
AlLuRe,477
CaIRn,477
PaSTe,477
WAsTe,477
SPInY,476
HUNK,476
HAuGeN,476
IrONiC,476
AsCeTiC,476
KUHN,476
HAlITe,476
BiOTiC,476
BUScH,476
SeAsONAl,475
HArMoNiC,475
LaCHeSiS,475
PArAgON,475
PRuSSiC,475
SmAlLiSH,475
HoVEr,474
BAtEr,474
SHoRe,474
SmIrK,474
PITh,474
AtLaS,474
FrIAr,474
ThInK,474
SnAcK,474
ORgY,474
CaVErN,472
ErOTiCa,472
BeHINd,472
ArAcHNe,472
SIMoN,472
LaCoNiC,472
HUCK,472
LiNUS,472
GeLaTiN,472
BeAtEr,471
MoSEs,471
PoSeY,471
SHoW,471
SePoY,471
NoSY,471
WORe,471
TaIGa,471
OSMoTiC,470
BIOTiC,470
PLiOCeNe,470
AsPArTiC,470
CoLiCKY,470
COVArY,470
VIOLiN,470
SPaIn,468
BAlCONY,468
CHeLaTe,468
AlPHONSe,468
CHAmP,468
ReTiNAl,468
TaPEr,468
CArBiNe,468
WHOSe,468
ICKY,468
WHoP,468
SPoOF,468
KInNeY,468
AsHORe,468
ULaN,468
COPRa,468
BiCeP,468
WReN,468
STaTiC,468
FrONd,465
CReW,465
UCLa,465
HeAtEr,465
COSINe,465
COsTa,465
BaNdY,465
GaUGe,465
SCORn,464
INiTiAl,464
SHUN,464
TiNKEr,464
SCAuP,464
PHoNiC,464
SArCaSm,464
CrINGe,464
SMoKY,464
SPIrO,464
PRaLiNe,464
HAtEr,462
STeRn,462
CUBa,462
BhOY,462
PaINe,462
BReW,462
CArBINe,460
PoLiTiC,460
KReBS,460
AlBaNY,460
BeArISH,460
CONCeAl,460
SErVO,460
CHoOSe,460
SOFTeN,460
STePHeN,460
CrOSBY,460
SPoON,460
ArSeNaTe,460
SUCH,460
SPAsTiC,460
CHeErY,460
CAsHeW,460
BAgGaGe,460
STaNK,460
CaNoGa,459
WIFe,459
BRaNd,459
SAuCe,459
ThINe,459
AgNEs,459
LaBiAl,459
CoErCe,459
HoAgY,459
AcCuSe,456
CHoSeN,456
SPORe,456
AsCrIBe,456
CaSeIN,456
IBiS,456
BUSH,456
BAuEr,456
WHIr,456
CoRnY,456
BrINK,456
CAuSAl,456
CaVIAr,456
GaVIN,456
SYRuP,456
INdY,456
CaNKEr,456
BiSON,456
BiLiNeAr,456
ReFEr,456
LuCRe,456
AmInO,456
STaCK,456
SAlSiFY,455
BAlCoNY,455
ClONIC,455
OBErLiN,455
CLaRa,453
BRuNo,453
WHeRe,453
AlTeRn,453
PAuLa,453
PaIN,453
BRaCe,453
AsCeNd,453
GaRaGe,453
SLuNK,452
RePLiCa,452
CoSmOS,452
CrOWN,452
SHIrK,452
POAcH,452
AtONAl,452
BrICK,452
CoNaKrY,452
RhINO,452
CaBBaGe,452
FReScO,452
TiNdEr,450
ThIN,450
SONIC,450
CUTe,450
SCION,450
ArGeNTiNa,450
CHoIr,450
SAtIn,450
PITcH,448
CaSHeW,448
ArISeN,448
PHYLa,448
BErGeN,448
PLuNK,448
TeNTh,447
CeReS,447
STaNd,447
PoNCe,447
VITa,447
HInEs,447
MoYEr,447
CaThY,447
KrAuSe,447
EuNiCe,447
IrVIn,447
AlIBi,447
ArGeNTiNe,445
CInNaBAr,445
BISON,445
CHITiN,445
BILiNeAr,445
CaNOPY,445
MoCCaSiN,445
PLuCK,444
CoHoSH,444
CRaSH,444
BeYONd,444
ORaTe,444
LaReS,444
CoNFEr,444
AlBiNO,444
RaIN,444
HAlCYON,444
VErNAl,444
BInArY,444
CHoRe,444
IRaN,444
CHoW,441
SnUB,441
FIAt,441
SAuTe,441
COLuMn,440
AtHeNS,440
BOYCe,440
FRaNC,440
BRaSH,440
CoCaINe,440
COFFeY,440
POISe,440
RuNIC,440
CArNiVAl,440
SHoOK,440
SLiVEr,440
CAlIPH,440
OAsIS,440
GaINeS,440
VErONa,440
CReTiN,440
LuNaTiC,440
CeReAl,438
BrICe,438
IrIS,438
USSr,438
InFRa,438
SPaY,438
CRaTe,438
CaUSe,438
NoTcH,438
NInTh,438
GaSEs,438
VErBAl,436
RuBIN,436
HArBiN,436
BAcON,436
SCaNdAl,436
SCAtHe,436
PoPLiN,436
SHRuNK,435
SKYLiNe,435
ArRaY,435
InLaY,435
PoLiCe,435
ILiAc,435
BeAcON,432
SeCONd,432
FAuNAl,432
SIRe,432
LiTiGaTe,432
NoOSe,432
CArNaTiON,432
AsSAm,432
SPHeRe,432
EuCRe,432
AmAsS,432
WAlLa,432
PuNCH,432
BeRaTe,432
TeNNeY,432
MoNIC,432
InClOSe,432
CrISP,432
SONaTa,432
SINGe,432
KNOW,432
SCeNiC,432
PuBLiC,432
SHoCK,432
OSSiFY,430
CHINK,430
AlBINO,430
VArNiSH,430
BiNI,429
FLaIr,429
COBRa,428
CHOU,428
PAtCH,428
BAsSI,428
PAuLiNe,428
PArODy,428
BAsIS,428
CrISiS,428
OUCH,428
CoVArY,428
CaTaLiNa,428
BRaIn,426
RaBIn,426
INaPt,426
WInK,426
STeW,426
PRaY,426
TeAcH,426
NOTiFY,425
ClOWN,424
CoSINe,424
VErBeNa,424
CaLiPEr,424
HAmLiN,424
TiBeTaN,424
BAuScH,424
KIGaLi,424
BeNaReS,424
FITcH,424
CuISiNe,424
CAlLuS,424
SNORe,424
WAlLiS,424
FLuNK,424
INePt,423
FLaRe,423
CoReY,423
STaTe,423
TaSTe,423
PrOW,423
CIrCe,423
PaSSe,423
CrYPt,423
BArReN,420
FLaNGe,420
EsSeN,420
SOWN,420
KNIFe,420
CoNFOCAl,420
SHInY,420
ErVIn,420
HEuSeN,420
PaYNe,420
SCaRf,420
LuIS,420
HArBIN,420
SCORe,420
PuNY,420
ReBeCCa,420
CoNdONe,420
CYRuS,420
GeNIAl,420
OAsEs,420
CrITiC,420
CoNCeAl,420
SNOW,420
ErIK,420
BAtON,420
ClAsSY,420
FLaW,420
CaTiONiC,420
ClINCH,420
HeReTiC,420
COVEr,420
STaPH,420
PoLiTe,417
CaRgO,417
CrEsS,417
BLaIr,417
YOU,417
MoNTh,417
PoSY,417
WAlSH,416
CHUB,416
SHeArEr,416
ClINiC,416
ArCTaN,416
SPICa,416
COAcH,416
ErOTiC,416
PoLiSH,416
CaRbOY,416
FInNY,416
SHeAtH,416
FrOLiC,416
TeNNeCO,415
ReCuSe,414
STaIn,414
IReNe,414
LaWN,414
NArCOSiS,414
NYU,414
SeCuRe,414
CLaRe,414
FINiAl,412
TeNNiS,412
BaSeLiNe,412
BArGaIn,412
BaLiNeSe,412
OFFeNd,412
VOCaTe,412
CaLiBRe,412
CaTcHY,412
SKIP,412
PLuSH,412
COSTa,412
CaEsAr,411
GeRbEr,411
MoRaN,411
PoMoNa,411
BLaRe,411
WINe,411
CLaW,411
FIRe,411
SWAg,411
STeNCH,410
NArCoSiS,410
PINCH,410
WHArF,408
RaNCH,408
STeEr,408
BITcH,408
CaSiNo,408
FRaY,408
BUY,408
PArSI,408
NOISe,408
PIEr,408
PArIS,408
GeRuNd,408
HoPI,405
PaTcH,405
FUSe,405
HoNdO,405
CURb,405
SCrAm,405
ReIN,405
AgONY,404
BaNiSH,404
CoFFeY,404
FAsTeN,404
FLaSK,404
CaNCEr,404
NePHeW,404
BOReAl,404
FReSH,404
CaReY,402
CrAmP,402
TiCKLiSH,402
UTiCa,402
HEsSe,402
PoSSe,402
VICe,402
RuBiN,402
LuNaTe,402
IOTa,402
PLaSm,402
CoUP,402
WIN,402
FArBEr,400
HePTaNe,400
BOISe,400
HOVEr,400
STiFFeN,400
NiNeBArK,400
BeNeAtH,400
VICAr,400
CYClONe,400
SHORe,400
NArCoTiC,400
CReTe,399
NoVO,399
BrOTh,399
SnORe,399
RaCY,399
VAmP,399
YWCa,399
MoONeY,396
PoOCH,396
BrYCe,396
YUH,396
FLuTe,396
CAlICo,396
BRaY,396
CHIrP,396
KINd,396
SnOW,396
CrAcK,396
SHOW,396
VAlINe,396
FReON,396
STaLiN,396
ThOSe,396
BAsAlTiC,395
CHOPIn,395
SeSSiON,395
BrOCCoLi,395
INCLiNe,395
FeRbEr,393
FeCEs,393
ScAmP,393
AgNeW,393
WArY,393
WInO,393
SCArCe,392
NeVInS,392
CHArTa,392
SiSKIn,392
PLaNK,392
SLaCK,392
WHOP,392
BAsIN,392
SPONGe,390
GeNeRa,390
CHAlKY,390
AmOCo,390
PSYCHe,390
DyLaN,390
PLaCe,390
PoNY,390
PAsTiCHe,390
VErY,390
POsY,390
CoPRa,390
ClAuSe,390
FLuSH,388
BAtCH,388
ArSINe,388
PLaNAr,388
LaSCAr,388
SCrIBe,388
AmEs,388
OCTaNe,388
BAsIC,388
FISK,388
BINGe,388
SOBEr,388
CaNoN,387
PaGaN,387
PYRe,387
PReY,387
BaNDy,387
HIRe,387
SCoRn,387
NoOK,387
BArYON,385
BLaNCHe,385
PSYCH,385
SeCTiON,385
PAsSiON,385
BArONY,385
POSeY,384
CAsInO,384
FIScAl,384
AlVIN,384
CaNIS,384
BeFORe,384
TeNNeCo,384
PuNiC,384
ClINK,384
PAuSe,384
SePOY,384
CAsBaH,384
CReON,384
BOsON,384
CaLiBEr,384
STaY,384
LiPtON,384
RaNGe,381
HoRuS,381
AtTiCa,381
BiTcH,381
ErIC,381
ClAmP,381
SKIN,380
BLaNCH,380
SINK,380
ReLiSH,380
ClICK,380
IONiC,380
CArBOY,380
HOAgY,380
LiBrArY,380
NOTiCe,380
ONRuSH,380
FINCH,380
NoRa,380
HeReIn,378
InHeRe,378
MoSEr,378
KNoB,378
INDy,378
InFEr,378
NaPKIn,376
CLaSP,376
SICK,376
SPINe,376
HeReOF,376
ReCLiNe,376
PINK,376
CRuTcH,376
SYNGe,376
CHORuS,375
POLiTiCo,375
PaScAl,375
MoORe,375
NiNTh,375
BAsTiON,375
YAlTa,375
SLaTe,375
HUGe,375
PaNiC,375
POsSe,375
VErSe,375
ArCCoSiNe,375
SeVEr,375
PHYSiC,375
CoNIC,372
GaSiFY,372
BaSTe,372
SPInAl,372
SHIV,372
AlPaCa,372
GaWK,372
BLuSH,372
PaTiNa,372
BORg,372
PLaTe,372
PICK,372
HAsTeN,372
HINGe,372
PHONeTiC,372
CuBIC,372
CoOKY,372
CaSInO,372
KITe,372
AlICe,372
SAlINa,372
CaSBaH,372
BaSiLiCa,372
ScRaP,372
SAcK,372
NiCOTiNe,370
HONKY,370
PuPa,370
SCOTcH,370
MoNArCH,370
SNoB,369
SUP,369
PUS,369
CoLuMn,369
BrInY,369
PAcK,369
SInCe,369
VErGe,369
FReY,369
CHAsTe,368
TiPSY,368
SPLiCe,368
CHOIr,368
SILiCa,368
FLaNK,368
SAlINe,368
IPSO,368
HoBBeS,368
PuPAl,366
AmOK,366
RaScAl,366
WAsP,366
SLaIn,366
PAtTi,366
FINd,366
YORe,366
SePTa,366
NOsY,366
AmRa,366
BiNGe,366
NEsS,366
BLaNd,366
ArCsIn,366
SmOTe,366
LaNCe,366
COArSeN,365
CaNNiBAl,365
NaRbONNe,365
SMoOCH,365
SPIN,364
SNIP,364
CAlVIn,364
CoCKY,364
COHeRe,364
FArINa,364
AlPINe,364
FLaCK,364
CInDy,363
PLaIn,363
SITe,363
BaSIn,363
SeCoNd,363
PaTiO,363
STaGe,363
YOW,363
BrAuN,363
INdO,363
COsY,363
TiRaNa,363
PaTh,362
CaPTiON,360
NeCrOSiS,360
LaBaN,360
CoBRa,360
GeNeSCO,360
PErCH,360
CaNINe,360
PuNK,360
BEsS,360
SKAt,360
VAsSAr,360
SHeIK,360
CHORe,360
BArONiAl,360
PuCK,357
PaPAl,357
SeReNe,357
RaSP,357
CaNdY,357
CaRnAl,357
HoArSe,357
DyNaMo,357
CAuSe,357
ReTcH,357
AmOS,357
SiLiCaTe,356
CHOW,356
SIKH,356
BIrCH,356
ScION,356
URn,356
CLaNK,356
LiBErAl,356
ArCSIn,356
POLiCY,355
CoVEr,354
OPuS,354
SnIP,354
NICe,354
BINd,354
CuBiC,354
RaTiO,354
SCoRe,354
OVArY,352
NoW,352
PONCe,352
FINK,352
RuSTiC,352
CaRuSO,352
SHArI,352
BOsCH,352
LiNEuP,352
BLaNK,352
BrOW,351
CAcTi,351
STeIn,351
CoAcH,351
LaIN,351
NoON,351
FeVEr,351
SPuN,351
SCAm,351
CHAsSiS,350
PHONY,350
NeCrOTiC,350
ThAt,350
HAlSeY,348
CoSTa,348
HEsS,348
NiCoTiNe,348
HoNeY,348
HAgEr,348
SOU,348
AlCoHOLiC,348
LuCY,348
BLaCK,348
CAmP,348
SCoTcH,348
MoODy,348
PaCK,348
SErGe,348
AlAmO,348
CrOsS,348
SPAt,348
WHeY,345
FeCuNd,345
NaAcP,345
SeWN,345
PaSO,345
ScAuP,345
ClOTh,345
SUN,345
ScORn,345
USN,345
VOsS,345
CaNONiC,345
IVY,345
OKRa,345
AlMoNd,345
PArSiFAl,345
SAlArY,344
ArSeNiC,344
ArMoNK,344
CHoLiNe,344
GaNGeS,344
CoArSeN,344
HINd,342
USC,342
PUN,342
AmOs,342
SPaN,342
GeNRe,342
ClUB,342
RaNK,342
WHY,342
CaBIN,340
GaSOLiNe,340
SHIP,340
PAsCHAl,340
VAsSAl,340
LuNCH,340
ReAm,340
GeNeSCo,340
NICK,340
RaCK,339
BUS,339
BeLaTe,339
VIrAl,339
BArTh,339
BAcK,339
AtTiC,339
GeNiI,339
CPU,339
SUB,339
BLuRb,339
CUP,339
PuRe,338
CaNArY,336
SINO,336
InNaTe,336
PUB,336
BOGeY,336
PaIr,336
FOAm,336
SLaY,336
SHAm,336
SORa,336
POLiCe,336
ClAuS,336
HErON,336
AuRa,334
SCaRe,333
BHoY,333
PuSH,333
PLaY,333
CITe,333
HArLaN,332
PAlSY,332
MoNAsH,332
FLaSH,332
SPArSe,332
WU,332
CaNVAs,332
RaPt,332
PION,332
FrAu,332
PaRe,332
BErLiN,332
CONGeAl,330
LuCAs,330
BITe,330
CaBiN,330
TaU,330
PaW,330
HeArTh,330
SMoTe,330
VISe,330
LuNGe,330
HoOCH,328
FINAl,328
CArIB,328
MoBCaP,328
TaPa,328
STiTcH,328
BOIS,328
AcRe,328
SeAsON,328
AlLaY,327
HAcK,327
HAmAl,327
SHU,327
CRaP,327
RaRe,326
WAc,326
CHArCoAl,325
RhINe,324
ScAtHe,324
TaSK,324
NeONaTe,324
ReTiNa,324
WAsH,324
RaW,324
FUN,324
SPArGe,324
AtOP,324
RaTa,322
TaRa,322
LuCaS,321
WArP,321
FAtAl,321
PoOP,321
BRuCe,321
YIP,321
YONd,321
BInI,321
SCAt,321
CHoSe,321
CrORe,321
PrOLiNe,320
HYPHeN,320
SHINe,320
CLaSH,320
HINeS,320
PArSON,320
SAuNa,318
BeLuGa,318
CrOW,318
WAlK,318
BrIAr,318
LaPSe,318
LuRa,318
PoRe,318
HICK,316
HeArTeN,316
FArKAs,316
FISH,316
MoTiON,316
GaBBrO,316
CoNGeAl,316
PoW,316
SCArY,316
BRuNCH,315
HeAlTh,315
NAtAl,315
ArISe,315
VOW,315
EuGeNe,315
RaSH,315
CrInGe,315
HoGaN,315
CaIrO,315
CoHeRe,312
ClICHe,312
RuIN,312
LiSTeN,312
ScORe,312
CrONY,312
ArHAt,312
CaIrN,312
SAlMoN,312
CHAlKLiNe,312
POLiTe,312
CRaNe,312
POSY,312
FILiAl,312
HYMnAl,312
ClErK,312
AlGeNiB,312
FRaN,312
BUN,312
BrInK,309
CaSeIn,309
AtONe,309
CaPEr,309
CUB,309
SiLaGe,309
BOTh,309
NORa,309
CIrCa,309
GaVIn,309
KNeW,309
PoLiS,309
INFO,308
NoTe,308
BrONCo,308
SHIN,308
HOPI,308
BaCON,308
CrOCuS,308
SePTiC,308
SINH,308
PrAm,308
CUBe,306
LaCY,306
RhInO,306
VErNa,306
TiTaN,306
PLuS,306
AsHEr,306
SNaRe,306
PaOLi,306
PErK,306
HoRn,306
CLaY,306
HAlOGeN,305
POMoNa,304
FOCI,304
CrOTcH,304
BAlKY,304
OFTeN,304
VErNe,303
LiVRe,303
LaTcH,303
BRuTe,303
MoNTe,303
PoSH,303
PAtH,303
WOK,303
PrOSe,303
FOsS,303
SCuBa,303
NeVEr,303
CaRbONe,300
FeCeS,300
VOCaLiC,300
CHInK,300
BaTcH,300
BLaNC,300
AlBInO,300
PAsTe,300
HeNBaNe,300
CHIP,300
NAtO,300
BaBY,300
ReCK,300
CORn,300
OsCAr,300
BRaN,300
HUN,300
PaCe,298
SORe,297
COAt,297
AlIAs,297
TaNK,297
CRaB,297
YIN,297
GaTeS,297
WArN,297
FAuNa,297
OVEr,297
BORn,297
BaNaCH,296
RaNd,296
AmI,296
ICON,296
COIN,296
SCAlY,296
HUB,294
SOW,294
BArRe,294
TeAm,294
SiNeW,294
AtHeNa,294
BrINe,294
TaCK,294
RuBIn,294
SHoP,294
LaTh,294
ICY,294
BOAt,294
PORe,294
HArBIn,292
BaTh,292
RaCe,292
LuRe,292
ClInCH,292
ScOTcH,292
POSSe,292
HArPY,292
CArNeY,292
SInGe,291
BaTiK,291
WOP,291
ScArCe,291
SeNaTe,291
PAuLi,291
POW,291
LaCuNa,291
KRuSe,291
ITcH,291
BOsS,291
CAcHe,291
PHONiC,290
CoHeSiON,290
PoNd,288
BArNeY,288
CeRn,288
SmAsH,288
BYTe,288
NeArBY,288
SHoAl,288
VErB,288
LaNGe,288
LuNAr,288
SLaV,288
NIOBe,288
CaRbON,288
ArSeNAl,288
STaN,288
ErOs,288
LuCK,288
LaScAr,288
GeNeSiS,288
NeAtH,288
SiReN,288
LiBRa,288
BiNd,286
PaTe,286
BAcH,285
BOLiVAr,285
PoLiO,285
ReNAl,285
TiBEr,285
FAuN,285
HORn,285
GeNeScO,284
SNaTcH,284
PInCH,284
SCRuB,284
BaRn,284
USn,284
CHINa,284
WHo,282
KErN,282
STaB,282
OAtH,282
IRa,282
LiGaNd,282
HoW,282
SNeEr,282
HoOK,282
BeAcH,282
PaIn,280
BOYAr,280
SONY,280
GeNeTiC,280
CHOSeN,280
MoNaSH,280
CHeVY,280
FICHe,280
RaTe,280
ClAsSiC,280
CHINe,280
NOSY,280
SCaLa,279
NAgY,279
NeGaTe,279
CaSeY,279
HoNK,279
SErF,279
SHoNe,279
PoOH,279
CHeAt,279
CaNDy,279
TeNSe,279
ThIn,278
PONY,276
MoSeS,276
FORe,276
LiSbON,276
BAtHe,276
HoCK,276
PHoNe,276
SNiCK,276
POsH,276
BrIBe,276
ErOS,276
HORuS,276
SeRf,276
TeRn,276
CHAt,276
COSY,276
IrON,276
CArSON,275
TeAt,274
RaIn,274
PoI,274
AmMo,274
GaIN,273
BIAs,273
FeNCe,273
CAsTe,273
MoNeY,273
CaGeY,273
SHoO,273
BAtH,273
BaSK,273
HArMoN,272
BeCKY,272
COPY,272
NICHe,272
NoSe,272
BrOCK,272
HArAsS,272
InCLiNe,272
PArTiAl,272
SPArK,272
POLiTiC,270
OSiEr,270
BaCoN,270
ReNd,270
HoOP,270
IFNi,270
BAsTe,270
MoNiCa,270
BiTe,270
PAsCAl,268
CArNaGe,268
INCH,268
CHIN,268
MoNaCO,268
AmY,268
YAm,268
LaIr,268
RuTh,268
CRuSH,268
ArCCoS,268
WON,267
NOW,267
BeIGe,267
VIAl,267
OWN,267
CORe,267
PHoN,267
LaOs,266
OLaV,264
BORe,264
BRuSH,264
PICa,264
LuSH,264
MoTh,264
CaSTe,264
SHRuB,264
COW,264
COArSe,264
SKI,264
SLaP,264
SCoOP,264
CaNOGa,264
CHoP,264
FIFe,264
RuBY,264
HeAtH,264
LaW,262
LuNd,262
BaRe,262
BAsIn,261
SnArK,261
BOW,261
CaBaNa,261
SArI,261
SiLaS,261
HeCuBa,261
ICoN,261
FeLiCe,261
CoIN,261
PaY,260
FInCH,260
FeTiSH,260
GeCKO,260
RaMo,260
BInGe,258
LaTiN,258
BaSiS,258
ThY,258
BaSSi,258
HAsTe,258
SHeEr,258
BINi,258
VINe,258
SeAm,258
MoRn,256
IRe,256
PLiNY,256
BRuNO,256
STiNK,256
ClInK,255
FLaK,255
HArDy,255
AlVIn,255
FLuB,255
BaSAl,255
FArCe,255
ClIP,255
RaY,254
WI,254
MoAt,254
SKIn,252
BAlDy,252
CHILi,252
KOLa,252
NaNCY,252
PSI,252
CONeY,252
FrY,252
SCeNe,252
MoOSe,252
USe,252
HoOF,252
SIP,252
SInK,252
BrAsS,252
FErN,252
ReLiC,252
STiCK,252
TaTe,250
OBeLiSK,250
SHOCK,250
LuXe,250
SHArON,250
NoV,250
STeP,249
RuNGe,249
HeWN,249
BErNe,249
CaINe,249
PInK,249
KLaN,249
WHO,249
WHeN,249
HOW,249
VOTe,249
NErO,249
PONd,249
ISiS,249
COsH,249
BAsSO,248
SiSTiNe,248
FOCuS,248
ReIn,248
SeTh,248
PrOP,246
SIAl,246
WIn,246
PLaNe,246
PHeNOLiC,246
LaDy,246
PAsSe,246
PaGe,246
LuTe,246
BaNK,246
CHeW,246
CLuB,246
CrIB,246
HInGe,246
LaCK,246
CoSY,246
SeRa,244
HOArSe,244
BaCK,243
TaNH,243
STeAl,243
CoPY,243
LaOS,243
BrYN,243
SiLaNe,243
CArLa,243
CErN,243
FLaP,243
GaSeS,243
WAg,242
HoI,240
SPIn,240
CaIN,240
RaGe,240
MoNaCo,240
CODy,240
ScOPS,240
SAlVO,240
SNArK,240
CONY,240
VArY,240
INCa,240
HoBO,240
BErN,240
CrAm,238
SeAt,238
KIN,237
SiNCe,237
RuSK,237
PLaN,237
INK,237
CoArSe,237
SINe,237
BODy,237
PoSe,236
ClONiC,236
SeArCH,236
BONY,236
NOTcH,236
CArBONe,235
AlLiSON,235
LaNd,234
SiNaI,234
ScArY,234
MoRe,234
SLaB,234
ClIO,234
PINe,234
CLaP,234
YOGa,234
RuNiC,234
ArEs,234
ScAm,232
BaNd,232
MoW,232
SONiC,232
SiNo,232
BiAs,232
CaCm,232
HONeY,232
BaSiN,231
HErO,231
FInK,231
FONd,231
AlLaN,231
SLiCe,231
PrONe,231
LaKH,231
BeRg,230
CArOLiNa,230
InDy,230
LaCe,230
BYLiNe,228
CAlLa,228
CaTiON,228
CHeEr,228
BaSiC,228
SIN,228
MoOCH,228
BOTcH,228
CrOCK,228
POI,228
CHeRuB,228
BaNAl,228
MoNiC,228
CArTe,228
CoNeY,228
PrOF,228
CHeNeY,228
CHArGe,228
WY,226
USc,226
CoRn,226
NIP,225
SIC,225
SCI,225
CuNY,225
CArOLiNe,225
PIN,225
SePt,224
NoNe,224
TeNd,224
SCm,224
FeRn,224
CoAt,224
FAlCoN,224
ClAm,224
BiNi,222
SKY,222
SIB,222
KU,222
CaBIn,222
LaSH,222
HErB,222
UK,222
FeAt,222
INaNe,222
SAm,222
OLaF,222
HeCaTe,222
ICe,222
RuDy,220
PAm,220
CArBON,220
BeCKON,220
AmP,220
SCArP,220
BeSTiAl,220
PuS,220
HArSHeN,220
KNiFe,219
ScAlY,219
AgNeS,219
CoNY,219
BONd,219
FLaN,219
GeNiAl,219
BaSH,219
CrAsS,219
AsHY,219
ONCe,219
NaVY,219
SInO,219
MoTiF,219
LaTe,218
ArPa,218
HoMo,218
PuP,218
NoN,218
SiAm,218
BaTe,216
SHArK,216
SeW,216
FINe,216
VAt,216
SiLiCoNe,216
US,216
FAlCON,215
POLiSH,215
NoB,214
UP,214
WAs,214
SPa,214
TiMoN,213
PrOBe,213
COLa,213
NINa,213
BAlI,213
FInAl,213
SAgO,213
AlLaH,213
FmC,212
PaP,212
ScAt,212
LaIn,212
BHOY,212
SCAlAr,212
HoY,212
ScRuB,210
SPY,210
HIS,210
NINe,210
FeTcH,210
CLaN,210
SAc,210
SNAg,210
CuRe,208
SNaCK,208
CArPAl,208
CaPo,208
AlSOP,208
PHI,207
PRuNe,207
HIP,207
FIN,207
OXeN,207
BrAsH,207
LuGe,206
RaP,206
SiLiCONe,205
CoRe,204
ION,204
SiLiCoN,204
AsTm,204
BLiNd,204
CAlCuLi,204
GaBON,204
MoNK,204
OPTiC,204
TiNY,204
CoW,202
HoSe,202
SAt,202
PaNe,202
CAm,202
PuN,202
FBI,201
PArSe,201
FIB,201
CoSeC,201
HeNCe,201
NOTe,201
MoCK,201
VOCAl,200
SCAlP,200
CPu,200
BAm,200
FeW,200
CHArON,200
PAt,200
ClOCK,200
SHArP,200
SInH,198
INC,198
BeAm,198
PuB,198
PoP,198
NU,198
GaFFe,198
ClAsS,198
InFO,198
LiLaC,198
UN,198
SHIn,198
BeVY,198
SONAr,196
PaN,196
ReV,196
CaSiNO,196
SCArF,196
SOCK,196
PrY,196
PbS,196
CHOSe,196
ArSON,196
BArNeS,196
AuK,196
FeNNeC,196
LiSBON,195
BIN,195
FInN,195
ClAsP,195
NIB,195
HYMn,195
IBN,195
HeINe,195
AgONe,195
WV,194
CPa,194
TiRe,194
SnAg,194
OSCAr,192
PAsS,192
ArCSiNe,192
CaTcH,192
SHAg,192
IrK,192
HAm,192
NaTiON,192
LaY,192
CaNiS,192
NArY,192
YArN,192
OBLiGe,192
SeNeCa,192
ClOY,192
NeAt,190
SiLiCON,190
RaN,190
FrO,190
BaY,190
CaRe,190
BaCH,189
COIn,189
SnOB,189
SOY,189
SiMoN,189
BeTh,188
FAt,188
HOGaN,188
CaW,188
SeNd,188
SePAl,186
SIr,186
CoDy,186
IrS,186
RuIn,186
BaRb,186
OAt,186
ReAr,186
HOI,186
GaSP,186
NAt,184
BAlTiC,184
WAr,184
FBi,184
SORb,183
NIH,183
TiOGa,183
RuSH,183
TiNGe,183
CoNiC,183
CAt,182
SrI,182
LaSe,182
AcHe,182
BaSe,180
BiN,180
BOSCH,180
BeRn,180
CHI,180
HeRa,180
TiEr,180
ReP,180
BeNGaLi,180
ArOSe,180
BAt,180
SW,180
CuSP,180
SLiNK,180
PRe,180
ArCSiN,180
BeAt,178
SiRe,178
TeCH,177
SNiP,177
ClOSe,177
NaIr,176
SPLiNe,176
ReAl,176
BiB,176
CArNAl,176
PTa,176
GaLa,176
SAlON,176
YIn,176
TiDy,176
TaP,176
SLiCK,176
CrAsH,174
CaNiNe,174
CAsK,174
HeAt,174
FeNd,172
ReNa,172
NiCe,172
HAt,172
FIr,172
OPt,172
CaDy,172
BTl,172
BAsK,171
MoON,171
POSe,171
ReNe,170
CuBa,170
HoAr,170
HOBBeS,170
NeW,168
FAlSe,168
CHIn,168
PAsO,168
SHY,168
POLiS,168
CoLa,168
InCH,168
GaTe,166
ORe,166
PEr,166
BeAu,166
RuBeN,165
MoLiNe,165
BArGe,165
NeHRu,165
CaSK,165
OW,164
CoNCH,164
COs,164
HoP,164
BrAg,164
ClArK,162
YON,162
ScArP,162
HeArSe,162
BAsS,162
NW,162
CuTe,162
TaO,162
CoOK,162
HeAlY,162
TaN,160
FLu,160
POSH,160
PArCH,160
GaIn,160
ReB,160
SHOP,160
NiCK,159
SiNGe,159
COY,159
NAsAl,159
HeIr,158
CoCK,156
CaLiPH,156
HeSSe,156
TaB,156
KNOB,156
BAsSi,156
ScAlAr,156
KArP,156
RuSe,156
PArK,156
FeTe,156
BOY,156
CHAlK,156
NYC,156
BeTa,154
HoNe,154
HeRe,154
HOMo,153
CoSiNe,153
ClAsH,153
BAsAl,153
OBeY,153
SHOAl,152
HeW,152
BArON,152
VI,152
CoIn,152
COSiNe,152
DyNe,152
IV,152
BOCK,152
PPm,152
CaLiCo,150
CoOP,150
SAsH,150
CaLiCO,148
CArOB,148
ScI,148
FLiCK,148
HAsP,147
ArCaNa,147
SPAr,147
NOSe,147
ScAlP,147
HoC,146
BeEr,144
GaSH,144
CaCTi,144
SAlK,144
SNOB,144
HoB,144
ScArF,144
LaP,144
HOY,144
ArCaNe,144
FOCAl,144
CrAg,142
NaVAl,141
CrOP,141
OScAr,141
BOSe,141
TiCK,141
PArSi,141
SHONe,140
CHOLiNe,140
HONK,140
BOScH,140
CLiNK,140
TeAr,140
GaY,140
InCa,138
HEr,138
IS,138
CaIn,138
OTiS,138
OBeSe,138
AlBa,138
InK,136
PI,136
CArLiN,136
KIn,136
HOCK,136
GaRb,136
LaNa,136
PHONe,136
BLiNK,136
KOCH,136
FeCAl,135
NTiS,135
LaNe,134
PrO,134
CoY,132
AlI,132
CuRb,132
SiTe,132
BaNe,132
OVAl,132
PVC,132
CoSH,132
LiEu,132
FLiNCH,130
SIn,130
LaO,130
AgAr,130
TeAl,130
CaPO,129
SiSAl,129
SCaN,129
HOSe,129
BeNd,128
BeBOP,128
PIn,128
SNaP,126
GaGe,126
CoON,126
AsHeN,126
BArK,126
BaN,126
CrONe,126
LaC,126
SAg,126
CrY,126
NaTe,126
LiNd,126
SOAr,126
ArSiNe,126
BeGaN,126
IF,124
PHON,124
COSH,124
LaB,124
COCo,123
NAsH,123
CoCO,123
SCaB,123
BeLa,122
PdP,122
LiCe,122
IO,122
IN,120
SCAr,120
NiOBe,120
BaBe,120
CHOP,120
SiNK,120
CaNAl,120
LiLa,120
NaSAl,120
CAsH,120
TeN,118
BaLi,118
FeLiNe,117
SOP,117
BAsH,117
SiCK,117
CArP,117
FIn,116
KY,116
CaNNa,114
NePAl,114
CaBAl,114
HArK,114
VON,114
BaH,114
MoP,114
NOV,114
NbS,114
InN,112
FAg,112
BAlK,111
SiLiCa,111
AlSO,111
CaSH,111
InC,110
AgO,110
Mt,109
BIn,108
OPAl,108
HI,108
SHeAr,108
CoHeN,108
RuNe,108
CaSe,108
BeHAlF,108
PBS,108
CdC,108
CoLiC,108
NAg,108
NiCHe,108
PAlO,108
MoNa,106
RhO,106
NeCK,105
ClONe,105
FArO,105
CoHN,105
FOLiC,104
SeAr,104
FTc,104
BAg,104
AsK,104
CaGe,104
LiSP,102
HArP,102
COCa,102
SLiP,102
RuN,102
SiKH,102
CArNe,102
No,102
Md,101
Fm,100
NaY,100
MoO,100
GeAr,100
SSe,100
BOCa,99
AsS,98
Cf,98
RuB,98
NSF,96
HeLiCAl,96
AlLiS,96
RuBe,96
KLiNe,96
FOP,96
Am,95
MoB,94
SeAl,94
NbC,94
CoCa,94
GaS,94
AlONe,93
LiNeAr,93
SON,93
BOAr,93
NY,92
COHeN,92
U,92
GaP,92
CaFe,92
Pa,91
ORb,90
FOAl,90
BArN,90
SOC,90
COS,90
FPC,90
Ac,89
BY,88
COHN,88
CuP,88
AlGa,88
FeAr,88
SiNO,87
COP,87
SOB,87
BeCK,87
LiNK,87
CoS,86
BeY,86
NiP,86
At,85
GeNe,84
CAlF,84
BOP,84
NBS,84
LiCK,84
Po,84
CoP,84
CaCHe,84
NaSH,84
HeY,82
SeN,82
FLiP,81
HOAr,81
CBS,81
HeCK,81
COAl,81
SeC,80
CoAl,80
LiNeAl,78
ScAr,78
GaO,78
NiNa,78
VS,78
HeRb,78
Ir,77
NiNe,76
CHAr,75
Re,75
NeON,75
ArCH,75
NONe,75
ArK,74
W,74
LiSe,74
CoNe,74
TiP,74
Ta,73
BeNCH,72
CONe,72
LiCHeN,72
BONa,72
HOP,72
GaB,72
CLiP,72
CoO,70
CaP,70
KS,70
HAlF,69
BLiP,69
BONe,69
CuB,68
CoN,68
HAs,68
AsH,68
NCo,68
Ho,67
SiNH,66
CuBe,66
HAlO,66
TiNa,66
PAr,66
NiB,66
FOB,66
CoB,64
TiNe,64
CON,63
NCO,63
FeB,62
NCr,62
Pm,61
SiS,60
BON,60
Nd,60
CaNe,60
LiNeN,60
LiFO,60
NOB,60
NV,60
Pr,59
PSi,58
TiN,58
NiH,58
SiP,58
LiFe,58
SAl,58
La,57
COB,57
HONe,57
TiC,56
AlP,56
NeAr,56
PAl,56
SiAl,54
OK,54
OLiN,54
LiON,54
CaN,54
FAr,54
NBC,54
I,53
NaP,52
OAr,52
CLiO,51
CHeF,51
CaB,50
In,49
CAr,48
SiNe,48
SO,48
ArC,48
BAr,46
NeAl,46
PO,46
HOC,45
CHeN,45
SC,44
BeAr,44
Mo,42
LiAr,42
SiN,42
HOB,42
BP,40
SiC,40
HeAr,40
Y,39
SiB,38
CAl,38
NaN,36
AlB,36
LiP,36
ONe,36
SHe,36
NeO,36
Se,34
NNe,34
OF,34
As,33
PH,32
Ge,32
NaB,32
Ga,31
NO,30
CF,30
ON,30
HeAl,30
HAl,28
CO,28
Co,27
Fe,26
NC,26
LiNe,26
Mn,25
V,23
BeN,22
Ti,22
Sc,21
LiN,20
Ca,20
K,19
HO,18
Ar,18
HeN,18
OH,18
NH,16
S,16
P,15
Al,13
HeBe,12
Ne,10
F,9
O,8
N,7
C,6
B,5
Be,4
He,2
H,1
